term,frequency
chicken,18517
cheese,13455
beef,13024
cream,12474
sauce,11033
pork,10983
juice,10940
diced,9524
potato,9392
green,9131
beans,8630
tomato,8553
pie,8412
corn,8088
apple,7668
bread,7534
sausage,7369
turkey,6454
sugar,6388
onion,6269
rice,6213
bacon,6195
mix,5813
egg,5806
bean,5555
fruit,5533
orange,5527
cake,5479
salad,5414
ham,5381
paper,5184
brown,5112
garlic,5105
lemon,5007
pepper,4728
milk,4680
honey,4634
butter,4605
roll,4540
base,4529
meatballs,4111
broccoli,4104
french,4028
red,3990
banana,3984
gravy,3976
cranberry,3975
sliced,3902
patty,3876
water,3854
italian,3853
ground,3787
oil,3750
tea,3739
peas,3710
steak,3682
pudding,3642
biscuit,3639
sour,3635
nectar,3626
cottage,3590
potatoes,3522
powder,3489
soup,3432
tuna,3429
spinach,3396
peaches,3369
toast,3352
chocolate,3342
sweet,3336
creamer,3335
roast,3306
carrots,3291
oatmeal,3205
pineapple,3142
carrot,3139
bbc,3121
vanilla,3097
muffin,3061
peanut,3054
ranch,3000
cabbage,2992
hot,2983
cups,2978
pancake,2967
jelly,2924
loin,2920
mandarin,2907
dressing,2893
mayo,2871
cocktail,2870
peach,2867
topping,2835
tomatoes,2833
strawberry,2814
yellow,2774
lettuce,2738
yogurt,2717
cup,2717
white,2708
flour,2706
breast,2706
chips,2696
pot,2658
baked,2650
cucumber,2598
ketchup,2568
mustard,2563
coffee,2544
cauliflower,2526
raisin,2485
marinara,2481
applesauce,2478
liquid,2467
cherry,2465
eggs,2455
pizza,2455
bun,2430
pears,2430
zucchini,2358
pan,2349
brownie,2348
sherbet,2327
celery,2326
black,2303
copy,2299
vegetable,2297
rolls,2288
hamburger,2286
ravioli,2278
tilapia,2256
shell,2251
capri,2247
wash,2209
chop,2203
oranges,2193
syrup,2187
brussel,2179
spaghetti,2167
fish,2144
tartar,2122
wipes,2096
cinnamon,2094
salisbury,2062
squash,2056
fresh,2043
stew,2010
croissant,2003
shrimp,1958
salmon,1950
spoons,1949
cornbread,1912
shredded,1903
blend,1878
napkins,1864
dice,1863
english,1860
ice,1850
salt,1845
prune,1841
chip,1822
meets,1815
wheat,1783
watermelon,1779
noodle,1775
lemonade,1770
macaroni,1743
napkin,1731
veg,1731
grape,1727
relish,1724
danish,1722
crab,1713
pea,1701
mashed,1693
cheddar,1692
tropical,1684
bleach,1676
dinner,1670
yams,1662
foil,1660
swiss,1648
apples,1632
foam,1628
lancets,1621
pinto,1621
whipped,1610
pear,1608
tissue,1598
lima,1597
straws,1564
crackers,1554
lasagna,1549
mushroom,1543
gloves,1509
bran,1501
graham,1484
oz,1473
alcohol,1473
asparagus,1472
creampie,1471
pecan,1469
american,1461
fry,1455
grits,1443
margarine,1419
yam,1407
cracker,1388
liner,1373
pumpkin,1370
heavy,1368
omelet,1368
tape,1368
baby,1363
peppers,1358
blueberry,1349
chili,1342
cod,1337
strawberries,1334
meat,1331
pulled,1320
dog,1320
pasta,1319
tender,1312
waffle,1298
slice,1294
pancakes,1290
salsa,1284
grapes,1280
vitamin,1278
country,1273
onions,1271
greens,1271
sauerkraut,1256
tortilla,1251
whip,1246
noodles,1243
coleslaw,1239
burger,1237
mixed,1225
stewed,1223
tenders,1209
saline,1207
parsley,1203
biscuits,1188
spoon,1182
levity,1180
icecream,1175
pam,1172
bag,1172
okra,1170
thigh,1148
hash,1145
towels,1139
seasoning,1139
bananas,1133
thickened,1129
med,1119
flakes,1109
later,1107
vinegar,1100
cookie,1097
blue,1085
bags,1084
collard,1083
strips,1082
power,1078
vegetables,1071
sanitized,1060
sprouts,1057
texas,1046
elbow,1027
angel,1020
pill,1017
half,1008
hoagie,1002
breadstick,1000
pound,986
jam,980
cobbler,973
parmesan,972
coconut,970
tom,966
solid,959
stuffed,957
cocoa,956
glucerna,954
cheesecake,951
rib,950
spray,947
cucumbers,945
hashbrown,943
polish,935
melatonin,928
towel,922
toilet,922
moz,915
puree,913
pollock,912
pickle,912
buns,912
razors,899
soy,897
mozzarella,897
hair,894
catfish,892
shampoo,889
shells,888
coating,887
rings,887
miti,886
lotion,884
link,883
basin,880
dough,873
leaf,865
straw,862
waffles,862
pads,854
hand,854
chops,854
philly,853
cakemix,846
kleenex,841
oats,837
film,837
fritter,833
beet,824
bar,822
ordo,821
frank,819
rye,817
law,816
au,813
trash,810
punch,802
stuffing,797
romaine,794
sharps,792
cantaloupe,790
soap,788
ginger,781
fig,775
ribs,774
boston,763
lids,760
fried,759
puff,753
toothpaste,752
cheerio,752
part,745
pink,739
kielbasa,739
ring,737
gauze,735
brush,735
ofwheat,732
prep,731
v8,724
veal,721
mouthwash,719
mushrooms,716
container,715
kidney,715
stick,714
paprika,710
lime,710
liver,709
urinals,708
wild,706
liners,703
gelatin,694
silver,693
lid,691
franks,684
top,683
filling,680
starch,675
omeprazole,673
dont,671
shaving,669
piefilling,665
alfredo,664
hairnets,663
wedge,658
flounder,657
tots,655
cran,653
muffins,653
sheet,651
plastic,647
fork,647
penne,645
sprout,641
ricotta,640
cookies,640
olive,637
caesar,637
spring,633
packet,631
ferrous,630
batteries,626
pearl,625
shred,624
popcorn,623
tortellini,621
brow,617
taco,617
patties,615
cilantro,614
honeydew,613
syringe,610
pilar,609
ensure,604
fudge,604
gowns,600
corned,599
negro,597
lancet,592
cube,592
prostate,588
stir,588
dogs,587
venture,586
knife,585
bologna,578
magic,575
plate,574
frosted,573
tray,573
pens,573
fajita,572
refried,571
cali,568
plates,567
manicotti,565
brisket,564
sulfate,564
sheets,555
ore,553
turnip,552
three,550
mucinex,549
links,548
insulin,543
key,542
gratin,542
urinal,541
frozen,538
mash,536
wax,535
bell,535
cereal,534
food,533
calcium,533
tissues,531
c,531
razor,530
scalloped,528
oriental,528
mac,526
senna,525
wound,525
marshmallow,524
brock,523
hush,521
basil,520
dreaded,520
ale,519
pit,517
pickles,514
ozcups,511
butterscotch,510
lemons,509
cleanser,509
pimentos,507
thick,507
deaf,505
wedges,505
friedsteak,505
cornmeal,504
nuggets,504
eclair,497
packets,497
oat,496
clorox,496
ucc,496
loratadine,495
dreamers,494
meal,493
clam,493
diet,492
ofmushroom,489
syringes,487
tenderloin,481
smoked,478
wafer,478
rinse,478
test,476
abd,475
skin,473
tears,471
choc,470
tapioca,468
granulated,465
crumbs,465
bratwurst,463
placemat,459
ultra,459
buttermilk,458
farina,455
glove,454
loperamide,452
zinc,452
acidophilus,452
round,450
split,450
kale,449
grit,449
tart,447
cannula,446
sticks,443
shake,442
winter,441
cumin,440
drain,440
nasal,439
foodcake,438
osmolite,434
icing,433
crust,432
detergent,429
antifungal,429
animal,428
mask,427
fries,427
bowl,426
paste,425
snap,424
babel,423
season,422
oxide,420
noodlesoup,418
nugget,417
melon,416
aspirin,416
kerlix,415
sponge,412
blueberries,411
raspberry,411
hushpuppies,409
assure,408
thighs,404
whole,403
hard,402
brussels,402
tot,399
apron,398
famotidine,396
glucose,396
can,395
cutlery,394
hcs00350,392
folders,391
deodorant,388
polyethylene,388
bed,387
teriyaki,386
avocado,384
don'ts,384
splenda,384
large,383
xl,381
enchilada,381
aaa,380
hashbrowns,380
aa,379
bath,379
cornstarch,378
ranitidine,378
beansalad,378
leg,372
mouth,372
dawn,370
cola,370
forks,370
iron,368
flat,366
crumb,366
mph1550,365
kiwi,364
wrap,364
magnesium,364
granola,363
fantastic,362
strip,361
beer,357
toothbrush,357
sodium,357
out,356
pvc512,355
juven,355
pretzels,355
shortening,353
zyrtec,352
pvc513,351
iceberg,350
mds090735,350
non042001,349
krispies,349
caramel,348
thyme,346
yeast,345
tylenol,344
grapefruit,343
barrier,343
benadryl,343
way,342
saltires,342
b12,342
biofreeze,341
spanish,340
flake,339
mayonnaise,336
dry,336
pass,336
ofchicken,334
medium,333
eggplant,333
triple,330
dynd70642,329
butternut,328
ozcup,327
pad,326
tips,326
shave,325
and,324
cherries,324
d3,323
dumpling,323
clear,322
grilled,322
almond,322
navy,322
ointment,321
net,321
andhalf,321
drink,320
miralax,320
panto,319
ibuprofen,318
pouch,316
nebuliser,315
pastry,315
boiled,314
sub,312
cornflakes,311
hcs4485,311
mango,310
rotini,309
bars,309
dogbun,309
oyster,308
cordon,308
naproxen,307
scissors,306
coke,305
grill,304
spag,304
humidifier,303
it,303
isolation,302
pesto,301
mini,301
pepperoni,301
greenbeans,301
guard,300
label,300
feta,299
optifoam,299
coco,298
labels,298
pearls,297
marg,297
hydrocortisone,297
sharp,297
wafers,297
kit,296
mint,296
free,296
idaho,295
distilled,295
protectors,295
dill,294
sani,293
stapler,293
prunes,291
eye,291
rosemary,290
burgers,289
baking,288
buffet,288
puffs,287
nonpc1000,287
salami,286
claritin,286
island,286
root,283
cleaner,283
fryer,283
bulk,282
cloth,282
harpies,282
autoshield,281
montreal,280
provolone,279
california,279
meringue,279
vital,278
on,276
sharpe,274
mousse,272
cakes,271
blackberry,270
underpass,270
slices,269
bake,268
club,267
crowder,267
crusher,267
lactose,265
calazime,264
northern,263
haddock,262
acid,262
basins,262
pack,262
spike,261
medihoney,260
raisins,259
placemats,259
croissants,259
apricot,259
butt,259
bay,258
gown,257
cuc,257
cuban,257
lentil,257
sterile,256
barley,255
cock,253
sandwich,253
hamburgers,253
containers,253
walnut,252
old,252
wings,249
tiramisu,249
balls,248
minestrone,248
extract,248
creamsandwich,248
garden,247
lamb,246
horseradish,246
sprite,245
succotash,245
lactaid,244
lorna,244
tooth,244
gel,244
breadsticks,242
cut,241
treat,241
dumplings,240
non03005,239
combs,238
breakfast,238
assorted,237
cetirizine,237
d,237
pen,236
degreaser,236
tums,236
bariatric,235
probe,235
suction,235
guest,234
olives,233
pillow,232
antibiotic,232
supplement,231
browns,231
crushed,231
mylanta,231
pine,230
silverware,230
dairy,230
dijon,230
xeroform,229
remote,229
blackeyes,228
alginate,228
prebiotic,227
sloppy,227
non243277,226
soda,226
body,226
piston,226
pouches,226
san,226
peri,225
dynd80000,225
mattress,225
twocal,224
file,224
pineapples,224
hen,224
artificial,224
dogbuns,224
thicken,223
bisacodyl,222
plus,222
cubed,221
andcarrots,221
wing,219
multivitamin,219
cornish,218
cornflake,217
skim,216
chives,216
place,215
resource,215
briefs,215
msc263754,214
scout,214
ran,214
systane,214
bacitracin,214
bowls,214
prince,212
limepie,212
comet,211
hushpuppy,211
glycol,211
inn,211
wipe,210
flank,210
chopped,209
covers,209
msc3244,208
scallop,208
cutlet,208
tip,208
preppads,208
deli,207
toasted,207
couscous,207
teaspoon,207
away,207
boost,206
pull,205
goldfish,205
track,205
fitted,205
hinged,204
hello,204
lunch,204
florastor,203
msc095060,203
shakes,202
mph3550,202
ad,202
pangasius,201
adhesive,201
walk,201
knives,200
solace,200
cole,199
aprons,199
jasmine,199
laundry,199
brat,199
nutritional,198
oregano,198
multi,197
pfng013,196
feeding,196
sponges,196
drops,196
washcloths,195
staples,195
evaporated,194
quarter,194
marsh,194
toner,193
pfng014,192
lysol,192
trout,192
hcs4514,192
broth,192
mag,192
tortillas,192
nets,192
quit,191
refresh,191
teaspoons,190
sage,190
highlighter,190
protein,189
walnuts,189
brief,189
correction,189
gallon,188
chloride,188
equal,187
folic,186
safety,185
meatloaf,185
bedpan,185
purely,185
brushes,185
ox,185
emotion,184
greenbean,184
parkerhouse,183
pv017,183
ritz,183
ribeye,183
german,183
cal,182
oasis,182
battered,182
facial,181
pv094,180
klee,180
canned,180
apricots,180
joe,180
bagels,179
boneless,179
croutons,179
nut,178
non03009,178
hp,178
needles,177
enema,177
berry,177
x4,176
floor,176
post,176
wiped,176
ss,175
anna,175
croton,175
bd,174
chef,174
cloths,173
lidocaine,172
saddle,172
mop,171
evencare,171
spear,171
washbasin,170
picante,170
creamed,170
filter,169
pastrami,169
promise,168
chic,168
prm256000,168
roasted,168
tabs,168
pang,167
van,166
rounds,166
isosource,165
cover,165
balsamic,165
hinge,164
sureprep,164
sli,164
crush,164
chick,163
mds705153,163
iced,163
ball,163
syrsi101292,162
prm25865,161
thermometer,161
scotch,161
end,160
dawkins,160
buttercrackers,160
andsour,160
msc1500,159
non256000,158
collars,158
barbecue,158
mat,158
medplus,157
pickled,157
lays,157
guacamole,157
sysco,156
check,156
orangejuice,156
s,156
radish,155
nail,155
dync1820,155
soupbase,155
slider,154
nutty,154
washcloth,154
tumbler,154
shed,153
bank,153
underpaid,153
ruc,153
comb,153
brownies,153
pattie,153
roastbeef,153
potatopie,153
velvet,152
prm21408c,151
carr,151
lobster,151
garbanzo,151
kiev,150
gait,150
sales,149
calmoseptine,149
fibre,149
specimen,149
pulse,149
disc,148
promo,148
sauer,148
clams,148
bowie,147
lett,147
marmalade,147
pvc514,146
multifold,146
cob,146
omelette,146
deliver,146
spice,146
fritters,146
fdic,145
spin,144
apex,144
cap,144
arginaid,144
cath,144
nutmeg,144
crispy,143
docusate,143
canadian,143
cough,143
souffle,143
pans,143
titbits,143
msc095206,142
non27800,142
aspercreme,142
non03007,142
proheal,142
yukon,142
spread,141
santa,141
two,141
burrito,141
medicine,141
tv,141
shasta,140
ores,140
irrigation,140
artichoke,140
if,140
doone,140
salonpas,139
potpie,139
newton,139
meringuepie,139
sourdough,138
non25865,138
flonase,138
demi,138
bib,138
mush,138
potatofries,138
manwich,137
crisp,137
nonpc1001,137
gran,137
crepe,137
gnocchi,137
dispenser,136
battery,136
romain,135
msc6008,135
bandage,135
chipcookie,135
barrel,134
hydrogel,134
aid,134
lie,133
wncpc1618,133
diabetisource,133
lip,133
chub,132
pitcher,132
sher,132
copier,132
snappers,132
crinkle,131
caper,131
berries,131
caps,131
good,131
pv517,130
cranberries,130
pop,130
otc10101,129
periguard,129
you,129
cider,129
coat,129
wine,129
anti,129
pity,129
nirex,129
canova,128
capstick,128
simethicone,128
clips,128
greek,127
loratidine,127
oven,127
mouse,127
beefhash,127
pullman,126
a,126
bis,126
dtm16sl,126
marina,126
smoke,126
dish,126
otc76503,125
hcs4511b,125
tb,125
oxygen,124
dynd90000,124
presoak,124
patch,124
scrub,124
buttercracker,124
hazelnut,123
instant,123
kaiser,123
prilosec,123
msc3266,123
nemesis,123
peanutbutter,123
condensed,123
finger,123
card,123
short,122
serb,122
cross,122
tn450,122
mali,122
tort,122
b1,122
glucosamine,122
ban,121
portion,121
rdi30296,121
vit,121
gluten,121
allegra,121
sesame,121
potroast,121
pfw513,120
addipak,120
baribriefc,120
catheter,120
cf226xc,120
enfit70550,119
aloe,119
bottle,119
heel,119
poultry,119
drug,119
dash,118
cous,118
field,118
ag,118
otc030603,117
custard,117
scandinavian,117
metamucil,117
underwear,116
chipcookies,116
super,115
b,115
set,115
kangaroo,114
msc095010,114
jack,114
masks,114
lynx,113
otcs0661c2,113
pursed,113
nonhcr48hc,113
pico,113
tri,113
scone,113
pillows,113
cotton,113
drainage,113
msc092544,112
total,112
rainbow,112
mepilex,112
drumstick,112
clippers,112
ofmag,112
nitrite,111
periwash,111
solitaire,111
calf,111
blitz,111
sole,111
capers,111
turnover,111
puppies,111
titbit,111
binder,111
tulip,110
maxorb,110
quick,110
trays,110
dyce,110
legal,110
pc,109
kits,108
non,108
hairbrush,108
chucks,108
fibersource,108
seafood,108
quarters,108
snack,108
rope,108
folder,108
balm,108
16oz,107
door,107
chive,107
3mco,107
alleyn,107
bogie,107
office,107
worcestershire,107
cajun,107
markers,107
envelopes,107
fit23505a,106
raw,106
prm21412c,106
square,106
freesyrup,106
cant,105
mighty,105
non02315,105
tongue,105
chuck,104
dixie,104
great,104
all,104
aerosol,104
frites,104
non25815,103
quinta,103
fritz,103
citrus,103
muff,103
popsicle,103
nicotine,103
russet,102
perineal,102
nutren,102
26a,102
thera,102
caul,102
pencils,102
mats,102
cases,102
proven,101
brd,101
dome,101
triangle,101
suture,101
name,100
fitpluslg,100
man,100
parker,100
pvc,100
no,100
roma,100
imitation,100
canister,100
bits,100
cheesedressing,100
msc092603,99
zantac,99
blood,99
bedpans,99
breeze,99
bulked,99
80a,99
prime,99
brilliance,99
stride,99
teachers,99
potatofry,99
otc030602,98
muscle,98
poly,98
string,98
foley,98
msc13005a,97
msc2044ep,97
cri4000,97
otc091901,97
mphsafety28z,97
needle,97
must,97
novasource,97
kosher,97
spiral,97
scrambled,96
cheezit,96
msc095064,96
puracol,96
moon,96
urine,96
boot,96
protector,96
germ,95
msc13505a,95
release,95
into,95
pfw512,95
washclothes,95
pub,95
dessert,95
shoulder,95
vin,95
dividers,95
belts,95
cost,94
hcs00550,94
silk,94
pfw514,94
adult,94
nonhcr24lc,94
cf226a,94
ctr000413,94
omelets,94
tempera,94
air,94
peace,94
buttercookie,94
jumbo,93
tubing,93
zucch,93
cooked,93
dip,93
soft,93
asian,93
clothes,93
brioche,92
turk,92
cannulas,92
almonds,92
stuff,92
swabs,92
fillet,91
fit23005a,91
therahoney,91
prism,91
brats,91
medley,91
coenzyme,91
diphenhydramine,91
wedding,91
small,91
bari,90
peeled,90
otc788069,90
squat,90
case,90
whipping,89
mdt825150,89
cab,89
msc3222,89
compartment,89
pump,89
sum,89
clean,89
rub,89
cheetos,88
coflex,88
tofu,88
border,88
dutch,88
chickenbreast,88
andcheese,88
bottled,87
mphsafety28,87
v,87
pvbng013,87
cheek,87
fuel,87
chewable,87
checks,87
stewmeat,87
oncob,87
er,86
swan,86
dermaseptin,86
cucum,86
suplena,86
remedy,86
scones,86
pitchers,86
bye,86
holder,86
remover,86
fitplusxlg,85
says,85
otc20101,85
pfng012,85
low,85
interdry,85
russell,85
linguine,85
enchiladas,85
sheeted,85
chair,85
cubes,85
andbeans,85
tn420,84
non21450,84
ti,84
otc79316,84
bakers,84
e,84
breasts,84
pkt,84
003x403,83
asp,83
mrs,83
z,83
special,83
8507sa,83
portabella,83
perforated,83
dync1810,83
flaked,83
andean,83
gratinpotatoes,83
onthecob,83
msc4004,82
poll,82
dynd80235s,82
rhubarb,82
belgian,82
acorn,82
receipt,82
nec,81
did,81
quiche,81
in,81
pierogies,81
peroxide,81
marble,81
andwalk,81
pfm513,80
bd329515z,80
sacrum,80
toothbrushes,80
005pc800,80
non02325,80
sirloin,80
patches,80
spumoni,80
pro,80
non27122,80
sun,80
gas,80
powdered,80
herb,80
non245277,79
lance,79
mds090735z,79
otcs0883c2,79
bengal,79
bordered,79
aquacel,79
shoe,79
silent,79
nap,79
hot-dog,79
sense,79
crepes,79
fettuccine,79
003x402,78
pvbng014,78
dried,78
activia,78
otcs0801c2,78
wrapped,78
marathon,78
tamales,78
western,78
caulif,78
hydrofera,78
blackened,78
spears,78
thickwater,78
fit23600a,77
otc074201,77
zeta,77
msc5544,77
aquaphor,77
cold,77
light,77
japanese,77
iodosorb,77
mph1560,77
topp,77
notes,77
gravymix,77
velvetcake,77
otc091503,76
scrapple,76
cur003545,76
60cc,76
basmati,76
golden,76
grease,76
ticket,76
chipped,76
flush,76
elbows,76
cur001209,76
declogger,76
get,76
printer,76
stool,76
board,76
nutrashield,75
laser,75
prevail,75
artifical,75
ketch,75
weiner,75
telephone,75
citrate,75
freeze,75
acetaminophen,75
rudd,75
baker,75
tablets,75
msc13600a,74
dynd40589,74
msc092534,74
vase,74
009s5bw,74
dync1815,74
lozenges,74
pac,74
stirrer,74
k,74
andsoursauce,74
random,73
otc042101,73
prm21450,73
otc66016,73
neb,73
graduate,73
garbage,73
scallops,73
cushion,73
duck,73
west,73
tab,73
softener,73
boxes,73
packs,73
hydraguard,72
eva,72
hotel,72
nexium,72
pimiento,72
normandy,72
drumsticks,72
felt,72
emery,72
bandaids,72
complex,72
fryveg,72
bowlcleaner,72
ofmushroomsoup,72
creamy,71
maple,71
cave,71
renavite,71
copypaper,71
vegetableblend,71
fitplusmd,70
cavilon,70
zoo,70
mar,70
procure,70
airline,70
dync1816,70
ruffles,70
otc070301,70
teddy,70
vaseline,70
dic,70
bouffant,70
seasoned,70
diplock,70
press,70
iv,70
stat,70
fitextralg,69
inside,69
005pc185,69
socks,69
rasp,69
collagen,69
chunk,69
dine,69
sherry,69
shc043,69
fall,69
box,69
pep,69
applejuice,69
boiledeggs,69
buttercookies,69
powerxl,69
shelled,68
plain,68
fitextraxlg,68
pepcid,68
bodywash,68
hawaiian,68
dr,68
msc1044,68
under,68
otc45101,68
zip,68
msc094544,68
limes,68
detainer,68
hydrocolloid,68
homing,68
guaifenesin,68
hollandaise,68
glass,68
control,68
orders,68
dynd16900,67
prosource,67
g2,67
clothing,67
band,67
head,67
draw,67
kernel,67
fexofenadine,67
bibs,67
knight,67
gold,66
crunch,66
devil,66
12oz,66
arthritis,66
mds136406,66
inner,66
combo,66
livers,66
reacher,66
urethral,66
glaze,66
table,66
storage,66
dynd20302,65
culturelle,65
otc8646,65
spikes,65
icy,65
fixodent,65
msc9445ep,65
sunflower,65
seed,65
book,65
freecookies,65
itnotes,65
frying,64
creme,64
dynd20325,64
msc095320,64
swirl,64
blackberries,64
tarragon,64
windsor,64
duoderm,64
eucerin,64
male,64
flex,64
mesalt,64
mexican,64
fingers,64
andcarrot,64
mphst28,63
refilled,63
mph191101,63
antacids,63
solution,63
leek,63
fracture,63
bandaid,63
marker,63
broom,63
buddy,63
bit,63
005bd329515,62
ross,62
mds137015zz,62
nonhcr33mc,62
msc23700,62
nonhcr3710c,62
msc1044ep,62
petroleum,62
drum,62
ago,62
comp,62
tar,62
stern,62
wheelchair,62
belt,62
buster,62
andonions,62
creamsand,62
gratinpotato,62
syrsi101292z,61
sorbet,61
bcpe03,61
pfm512,61
hica,61
bio,61
graduated,61
browning,61
odoban,61
soursauce,61
lipton,60
coca,60
wiper,60
msv512,60
otc049060,60
pv514,60
pv513,60
surimi,60
gingerale,60
non27236,60
cur001209z,60
fire,60
dynd40540,60
uvistat,60
microkill,60
dynd80347,60
crumble,60
avery,60
meclizine,60
marshmallows,60
dress,60
creamcup,60
crew,59
pvbng012,59
baguette,59
homestyle,59
msc095420,59
eggroll,59
parboiled,59
work,59
imodium,59
bounce,59
manila,59
medication,59
chunks,59
legs,59
ofmush,59
inchbinder,59
leo,58
dial,58
004pfng014,58
6x6,58
00317e,58
5x6,58
dynd8000,58
pv512,58
msc1500z,58
lactase,58
hcs4482,58
brie,58
otc64916h,58
goo,58
nuri,58
earl,58
ear,58
masking,58
wireless,58
snacks,58
mg,58
cordonblue,58
msv513,57
004pfng013,57
msc263954,57
msc351410an,57
trio,57
msc092544pack,57
long,57
arugula,57
phase,57
saljet,57
009118p,57
swd775100,57
variety,57
2p1990,57
styrofoam,57
otc78101,57
lite,57
biotene,57
bourbon,57
raspberries,57
masala,57
boots,57
juicebase,57
freebread,57
weddingsoup,57
candy,56
ten,56
brn1312,56
snapper,56
skintegrity,56
otc17715,56
turnips,56
dynd15205,56
tegaderm,56
x2,56
betadine,56
newtons,56
edward,56
toaststicks,56
sweetpotato,56
6pvc512,55
auto,55
caspar,55
eng,55
mphst28z,55
tide,55
admission,55
mds136405z,55
lopez,55
perifresh,55
005crw096,55
pf513,55
dart,55
mandarins,55
anc,55
hn,55
mug,55
probes,55
mec37226,55
slipper,55
tabasco,55
iodine,55
ult101292,55
gentle,55
vinyl,55
throat,55
invisible,55
cos,55
stock,55
finish,55
call,55
oximeter,55
ofchickensoup,55
bellpepper,55
fryvegetables,55
otc552987,54
cone,54
fitplusrg,54
msc095422,54
cont,54
let,54
translucent,54
dynd40570,54
rubber,54
graduates,54
media,54
gumbo,54
frankfurter,54
grain,54
abdominal,54
churro,54
micro,54
whippingcream,54
crusherpouch,54
wheatberry,53
bac,53
sidewinder,53
nsa,53
otc6817n,53
non28800,53
vegalene,53
normal,53
boil,53
medpass,53
non25861,53
dole,53
chadd,53
tn,53
kiel,53
shower,53
w1a,53
polenta,53
staple,53
brother,53
pow,53
binders,53
preppad,53
jus,53
chocolatecake,53
binderclips,53
prm4408,52
gray,52
goat,52
pfm514,52
baribrief,52
slippers,52
iso,52
eldertonic,52
hoagies,52
marin,52
malt,52
silvasorb,52
otc018105,52
permanent,52
sign,52
melt,52
clip,52
bottles,52
decade,51
handsoap,51
app,51
otc095501,51
extra,51
sunday,51
sorbitol,51
aftershave,51
lentils,51
molasses,51
reggie,51
tella,51
pacific,51
parchment,51
bic,51
ink,51
badge,51
bands,51
forster,51
fitextraxxl,50
ww720,50
10oz,50
ap,50
otc098512,50
msc0924004,50
doritos,50
cheeto,50
fancy,50
pf512,50
msc3044,50
stent,50
wellington,50
repair,50
msc5444,50
dakin,50
substitute,50
tze231,50
ouncecups,50
boiledegg,50
fruitsalad,50
ofcelery,50
butterpie,50
erasemarkers,50
msc282120,49
back,49
plantain,49
tamale,49
sip,49
mel,49
dentips,49
rigatoni,49
exuderm,49
confection,49
sunshine,49
rotisserie,49
nuts,49
burgundy,49
dm,49
ml,49
say,49
clipper,49
valve,49
pud,49
c100,49
spooned,49
breadmix,49
applepie,49
mph1550z,48
triad,48
otc40101,48
msc7044ep,48
snow,48
onto,48
active,48
nutrigrain,48
90a,48
stainless,48
non024215,48
scissor,48
gal,48
stethoscope,48
andonion,48
msc263854,47
frys,47
amer,47
mtb084,47
cantaloup,47
protective,47
larry,47
dynd80342,47
omen,47
gatorade,47
non02325h,47
cur015408,47
hcs245e,47
medfix,47
pcnd44,47
con,47
sal,47
cat,47
batter,47
promote,47
05a,47
epscf226x,47
bismuth,47
up,47
dymo,47
81mg,47
toma,47
mein,47
6pvc513,46
msc23505,46
msc098303,46
purple,46
wbm21200,46
nutter,46
otc62912,46
ravi,46
crop,46
tilap,46
gyro,46
solids,46
face,46
poppy,46
disposable,46
devils,46
spirometer,46
hanging,46
ozlid,46
anddumplings,46
003x404,45
pur,45
monterey,45
major,45
msc3244z,45
florets,45
non25408,45
msc1505,45
tend,45
syrsi193292,45
barrels,45
car,45
unsweet,45
pf514,45
trail,45
misty,45
msc095384,45
secure,45
shaved,45
jalapeno,45
otc44101,45
mdtiu3tefpnk,45
mucus,45
hydrocerin,45
fajitas,45
swab,45
pressure,45
puppy,45
mer,45
cranberryjuice,45
creamcone,45
last,44
rl62681,44
aqua-pak,44
fitplusxxl,44
msc351200,44
non26800,44
carafe,44
pulmocare,44
mds090670,44
otc073206,44
dxtt58,44
spaetzle,44
msc097030,44
flavor,44
rack,44
oisin,44
hydro,44
suresite,44
cf280xc,44
breather,44
crack,44
maaloy,44
sock,44
juicecup,44
16sl,43
terms,43
scramble,43
manda,43
antiseptic,43
as870,43
dynd40982,43
corizo,43
otc078809,43
lg,43
nonsleeve,43
robitussin,43
pierogie,43
abu,43
otc523304,43
ecolab,43
packing,43
churros,43
care,43
relief,43
ouncecup,43
emulsion,43
removal,43
freecookie,43
filefolders,43
supplements,42
non26810,42
medseptic,42
mec37224,42
twist,42
mg3002,42
mnk0015,42
renew,42
dynd36600h,42
tatlock,42
otc27501,42
mds202000,42
fabuloso,42
ciabatta,42
nuns,42
bahama,42
tables,42
coaguchek,42
shirley,42
ocusoft,42
sugar-free,42
banker,42
gingerbread,42
turnbury,42
pepsi,42
debrox,42
overfed,42
arborio,42
glasses,42
bisque,42
gluconate,42
thickmilk,42
crusherpouches,42
halves,42
beefsliced,42
crackercrumbs,42
off,41
nonpbm800n,41
non21424,41
010pcnd44,41
taff,41
centram,41
otcs0673c2,41
florey,41
peppered,41
prm4412,41
sauna,41
size,41
msc4006,41
p185,41
vanishes,41
mds202000z,41
msc1065ep,41
preservision,41
kalamata,41
stoma,41
cp1501,41
00318e,41
thousand,41
dryer,41
prove,41
stroganoff,41
hip,41
terry,41
carbamide,41
sticky,41
laminating,41
layer,41
brooms,41
vanillacreamer,41
excel,40
sweetener,40
sister,40
confectioner,40
nonhcr48xc,40
otc078803,40
non21448,40
ace,40
transparent,40
the,40
vitamins,40
unv21200,40
g3,40
hummus,40
prm260001,40
malibu,40
mdtwc3c11hz,40
term,40
chuckwagon,40
goj518603,40
tarts,40
magnesia,40
fingering,40
orang,40
clay,40
wraps,40
electrodes,40
tag,40
pecanicecream,40
andlow,40
make,40
blendvegetables,40
jl,39
fitbasiclg,39
mds087004lf,39
tonic,39
loaf,39
otc33350n,39
polyeth,39
non243276,39
sacral,39
009pccc7,39
til,39
bro,39
otc79101,39
non25444,39
msc1066ep,39
pvc511,39
pellet,39
otc008400,39
to,39
par,39
commode,39
leeks,39
next,39
pick,39
shortcake,39
mp5418,39
mds160664,39
steaks,39
lo,39
grated,39
chap,39
stripper,39
tumblers,39
niacin,39
grey,39
boards,39
buttercup,39
sets,39
teststrips,39
bicarbonate,39
bev,38
whirl,38
fitextramd,38
009pccc5,38
verge,38
suckers,38
aluminum,38
petit,38
medipore,38
otc082808,38
msc095004,38
dync1674,38
butane,38
pinesol,38
strap,38
chard,38
seat,38
tussin,38
medline,38
hcs4515b,38
irish,38
hcs4516b,38
rocco,38
crushers,38
far,38
furniture,38
nova,38
ozlids,38
redpepper,38
fryvegetable,38
otc074301,37
shortbread,37
envision,37
004pv094,37
otc09501,37
20oz,37
otc523059,37
clo30577,37
optilock,37
mari,37
cur253440,37
mechanical,37
mds093901,37
cur253590,37
hershey,37
filters,37
biotin,37
msc32410,37
mp5033,37
non026370,37
destroyer,37
brick,37
jug,37
cards,37
cheddarcheese,37
its,37
khaki,37
mup0305p,36
grouper,36
msc4002,36
003x502,36
crystal,36
cur003545z,36
brn1312z,36
munching,36
till,36
peng,36
zpp501,36
she,36
boursin,36
strudel,36
glace,36
msc094604,36
20jl,36
005hb01,36
non270002,36
00262e,36
bandar,36
washbasins,36
slip,36
deo,36
ziploc,36
form,36
edamame,36
blades,36
chico,36
clotrimazole,36
temp,36
hcs4483,36
incentive,36
andouille,36
wall,36
frosting,36
cushions,36
envelope,36
holders,36
bulbs,36
creamvanilla,36
creamsandwiches,36
blendvegetable,36
hr303710n,35
thrive,35
hardboiled,35
tuscan,35
unsalted,35
non21444,35
nestle,35
panic,35
msc092108,35
entree,35
cns005,35
peppermint,35
mp5013,35
rough,35
ribbed,35
mp5014,35
jet,35
non801778,35
dump,35
blankets,35
drop,35
freeseasoning,35
islanddressing,35
cordon bleu,35
anddumpling,35
cheesesoup,35
fitbasicxlg,34
complete,34
euro,34
calazinc,34
003x503,34
msc2044epz,34
16j16,34
front,34
otc56295,34
dimethicone,34
tnt,34
polyiron,34
past,34
mrsdash,34
msc094424,34
after,34
tn430,34
dync8522,34
otc299235,34
vegetarian,34
guam,34
sir,34
parsnip,34
mascarpone,34
villa,34
disinfectant,34
mds160684,34
sore,34
horse,34
sol,34
msc2304,34
f7a,34
classification,34
address,34
blade,34
fill,34
piece,34
potatocasserole,34
msc23005,33
squ022771,33
wpw100,33
ben,33
grand,33
preference,33
sausages,33
bcpe02,33
grahams,33
pistons,33
steel,33
sauternes,33
msc2066ep,33
60xltin,33
shrewd,33
grandma,33
adaptec,33
msc6016,33
chile,33
beverage,33
bok,33
ult101292z,33
am,33
elastic,33
efta,33
zucchi,33
nana,33
pole,33
hushpuppie,33
self,33
jasper,33
fusion,33
hangers,33
mds090600,33
mitt,33
oral,33
insertion,33
bleu,33
m,33
bea,33
rolle,33
ding,33
northernbeans,33
sweetpotatoes,33
raisincookie,33
holepunch,33
fitplusxl,32
thing,32
blended,32
treats,32
otc058404,32
asst,32
greasestrip,32
hcs04128,32
st,32
pain,32
personal,32
pv,32
00270e,32
prm21208c,32
cepacol,32
pasteurised,32
otc000293,32
sanicloth,32
sf,32
xx,32
dlx10r,32
mineral,32
beneprotein,32
cook,32
curry,32
pleura,32
cur001109,32
ibuprophen,32
concentrate,32
cbc,32
walker,32
lugg,32
dynd11756,32
microwave,32
nutcheerios,32
byeodor,32
cremepie,32
miss,31
005crw050,31
pl115,31
asiago,31
crw096,31
liverwurst,31
mds093902,31
mg3003,31
008mr3350,31
ome,31
daily,31
ling,31
mds202080z,31
ce505a,31
non03005d,31
aids,31
chow,31
butterfly,31
mdtfs4m04z,31
tm1616s,31
life,31
las,31
chi,31
applicator,31
hole,31
mds137007,31
pm,31
duster,31
pencil,31
desk,31
freemilk,31
heads,31
fitbasicxxl,30
pcs1650,30
mds087006lf,30
00500317e,30
msc2033ep,30
dynd40582,30
prm25444,30
well,30
msc5522,30
non243275,30
autoshields,30
otc091301,30
msc3222z,30
pc1000,30
broccolini,30
lift,30
ostomy,30
msc1066,30
contour,30
griddle,30
4584c,30
cavatappi,30
pistachio,30
cc,30
quart,30
sleeve,30
msc2302,30
mp5413,30
monthly,30
shank,30
fresher,30
tags,30
wayvegetable,30
ch,30
inchbinders,30
canisters,29
matchstick,29
004pv017,29
msc1044epz,29
allergy,29
alt,29
fine,29
lactobacillus,29
ultradry,29
msc3066,29
bottom,29
fluticasone,29
mds9380,29
charles,29
germany,29
patient,29
aspercream,29
crane,29
summer,29
alive,29
enemas,29
regular,29
areas,29
beard,29
dig,29
concentrator,29
panda,29
collister,29
b6,29
cutter,29
chew,29
keyboard,29
paperclips,29
wheats,29
dairycreamer,29
greenpepper,29
greentomatoes,29
porkchop,29
aide,29
hour,29
antibioticointment,29
ultrasoft1013,28
msc23600,28
24x24,28
otc176001n,28
gaza,28
dandy,28
nonhcr62xc,28
rl64628,28
msc3266z,28
farfalle,28
otc502198,28
jap,28
pure,28
pcs1550,28
dermavera,28
supp,28
otcs0120c2,28
009pccc9,28
coin,28
otc532852,28
dynd9000,28
coal,28
ct450,28
urinary,28
msc095368,28
seb80ar,28
asia,28
otc386575,28
msc1244,28
mds096502,28
lock,28
moisturizer,28
minced,28
prm260002,28
chee,28
mm,28
vic,28
mph3560,28
mdtbt3c50z,28
mph1540,28
mountain,28
chamomile,28
physician,28
cp1401,28
ult193292,28
carry,28
perfect,28
lutein,28
toenail,28
squeeze,28
glance,28
ceiling,28
delight,28
tail,28
papertowels,28
mattresses,28
arm,28
eraser,28
pat,28
creambar,28
potatosalad,28
batteredfish,28
concarne,28
here,28
blendveg,28
fitultralg,27
ruffle,27
mds705153h,27
dermaphor,27
otc45501,27
mlk6dic,27
focaccia,27
moist,27
nonchd48hc,27
plum,27
otc091136,27
salon,27
016q55172,27
msc098203a,27
kitchen,27
non25412,27
rolled,27
nonunna4,27
stratasorb,27
005rd15,27
bladder,27
msc1244ep,27
nun,27
msc095230,27
00525e,27
female,27
enfit70552,27
surge,27
melons,27
carnival,27
perch,27
lemoneze,27
omlet,27
caribbean,27
tube,27
double,27
skilled,27
non801780,27
soothe,27
wanderguard,27
scour,27
plurogel,27
co,27
a1,27
mp5451,27
tubigrip,27
plas,27
dr420,27
mds160644,27
crushpouches,27
snapped,27
ofmagnesia,27
trim,26
y9149,26
fitultraxxl,26
cashew,26
msc1505z,26
ass,26
prm21444,26
mara,26
herbert,26
prm260001h,26
decaff,26
msc351400an,26
fast,26
clod,26
msc092625,26
dermafungal,26
porkloin,26
dorigo,26
convatec,26
prm25855,26
dynd36600,26
fennel,26
lady,26
albacore,26
dispatch,26
quest,26
nape,26
sara,26
stand,26
potsticker,26
monza,26
goblet,26
otc6020650,26
yankauer,26
mdtpc4m34z,26
solo,26
eco,26
fiesta,26
funnel,26
laxative,26
fran,26
bus,26
ct280x,26
brew,26
parsnips,26
otc773552,26
prominence,26
sleeves,26
tear,26
notebooks,26
notebook,26
piecechicken,26
degallo,26
now,26
winevinegar,26
onionsoup,26
ozbowl,26
rolldough,26
cutgreenbeans,26
americancheese,26
fitultraxlg,25
bnb,25
rl00729,25
non03010bar,25
nonhcr37mc,25
prm21408cz,25
lyons,25
dark,25
org,25
each,25
otc048914,25
deluxe,25
bfm44,25
elder,25
lilac,25
nonhcr33lc,25
non042000,25
chamosyn,25
msc095342,25
limeaway,25
dynd41442,25
catalina,25
6dcfs,25
machine,25
five,25
msc9445epz,25
comfort,25
cannellini,25
p1,25
lawrys,25
msc8622ep,25
cf280a,25
cheezits,25
ocular,25
shc019,25
push,25
tres,25
expandable,25
wander,25
dynd70318,25
prosight,25
p3a,25
urostomy,25
pellets,25
new,25
cur015431,25
as890,25
mailing,25
hens,25
linguini,25
radio,25
forest,25
mds136000,25
gelatine,25
opticell,25
seeds,25
dell,25
clipboard,25
eliminator,25
heart,25
gra,25
beefpatty,25
muffinmix,25
redpotato,25
crispies,25
drinkmix,25
books,25
butterit,24
6x5,24
p100,24
hr242406n,24
button,24
dynd80416h,24
msc2144ep,24
005pc150,24
003pc620cb,24
aloetouch,24
kyoto,24
mup0365p,24
nonchd24lc,24
peptamen,24
peanuts,24
msc7044epz,24
pints,24
cp1621,24
cool,24
arab,24
asmara,24
biscu,24
af,24
keystone,24
non27120,24
sling,24
6242p,24
latex,24
otc039733,24
non25710,24
mph3540,24
fingernail,24
cp3023,24
cnsds02,24
pledge,24
soho,24
worcester,24
otc92101,24
max,24
index,24
mdtpc4p34z,24
rx,24
with,24
500mg,24
preserve,24
order,24
vinaigrette,24
weed,24
ct,24
redpeppers,24
batteredcod,24
petite,23
gpc23304,23
msc095062,23
mph3550z,23
haricot,23
salonga,23
nutrition,23
syrsi193292z,23
msc095348,23
msc094534,23
005pcgf44s,23
applesau,23
msc095362,23
mnk0015h,23
mds9607,23
nurse,23
bolo,23
fenwick,23
decloggers,23
t,23
hydrophor,23
cane,23
dehydrated,23
non21454,23
spitfire,23
mdtwc3c16hz,23
zero,23
matzo,23
otc533260,23
big,23
non26899,23
stiffer,23
lay,23
swedish,23
lexmark,23
stress,23
tenderizer,23
tropic,23
dorma,23
msceduruler,23
color,23
ocuvite,23
germicidal,23
carita,23
cp1005,23
mp5015,23
blinds,23
wed,23
cart,23
cp1817,23
theraband,23
topround,23
gay,23
stylecorn,23
greenpeppers,23
cornedbeef,23
polishremover,23
cookiedough,23
cinnamonmuffin,23
drift,22
01616j16dart,22
mojo,22
mark,22
msc282110,22
msc096410,22
otcs0468c2,22
hud20069,22
dct,22
sand,22
msc095094,22
fitextrarg,22
gpc89460,22
rich,22
hibiclens,22
knorr,22
heath,22
38x58,22
otc06001,22
otc84501,22
downes,22
cur015431h,22
over,22
rl62677,22
ct505a,22
prm25600,22
hot-dogs,22
port,22
riviera,22
otc074706,22
durafiber,22
screen,22
msc098103,22
dove,22
cn0010,22
parfait,22
pineapp,22
so1790,22
four,22
dyc80540p,22
pl1131,22
nonlv100,22
margam,22
phone,22
xerofoam,22
sea,22
high,22
cascade,22
peto,22
fibercon,22
msc095014,22
tze2312pk,22
smoking,22
ballast,22
cfs,22
crumbles,22
spanakopita,22
stop,22
mp5430,22
iodoform,22
reader,22
note,22
bucket,22
hearts,22
faucet,22
s1000,22
master,22
loops,22
sting,22
wayveg,22
toaststick,22
peasoup,22
crackercrust,22
potatopuff,22
piefill,22
softner,22
squares,22
rollbacks,22
004pf513,21
01616sldart,21
as016,21
may,21
msc2066epz,21
diffstat,21
non26805,21
duo,21
hud00340,21
msc095382,21
cursaline7,21
005tp15,21
0050354150m,21
msc0924002,21
non25208,21
nonhcr24mc,21
macaroons,21
so676,21
pcgf44s,21
ultrasorb,21
aqua,21
cappuccino,21
brn1333,21
basic,21
ms15k,21
tiles,21
hsk626,21
non21001,21
navel,21
king,21
016p54072,21
walley,21
gluck,21
zeasorb,21
ply,21
sali,21
ndc,21
havarti,21
delime,21
msv514,21
otc091160,21
brn1323,21
hypafix,21
nonnet06,21
dync7061,21
vesta,21
tn660,21
hcs4507,21
seb05ar,21
dvy04578,21
otc90101,21
apply,21
otc257063,21
thermometers,21
cuts,21
nebulizers,21
ahoy,21
rest,21
pars,21
cf280x,21
breakaway,21
confectioners,21
rena,21
minna,21
renal,21
mitts,21
msc1528,21
pierogis,21
phones,21
collector,21
freshener,21
saucer,21
led,21
kill,21
mp5416,21
sauces,21
dug,21
beanfresh,21
creamvan,21
cahn,21
loins,21
vacuum,20
y5149,20
prm21450z,20
pf0141,20
mocha,20
conforming,20
msc2077ep,20
crw050,20
wick,20
prm21408,20
00280e,20
gala,20
msc2033epz,20
prm25498,20
austin,20
fuze,20
pv9151,20
55a,20
run,20
braised,20
msc1044z,20
0058507sa,20
avocados,20
glue,20
fg3002,20
classic,20
wesson,20
dynd15207,20
up150,20
uro51211c,20
swd81892910z,20
popsicles,20
gouda,20
msc096000,20
mdtbt4b60z,20
stadium,20
otc42915,20
frankfurters,20
pierogi,20
msc098200a,20
26x,20
platinum,20
non024220,20
shirt,20
carnitas,20
p10,20
best,20
probiotics,20
cucumb,20
acidoph,20
booties,20
msc7012ep,20
girl,20
salisb,20
msc095012,20
pillowcase,20
shallot,20
msc093005,20
q1,20
msc098600a,20
hock,20
freezer,20
this,20
lasag,20
cobb,20
sweetened,20
luke,20
ms310,20
pies,20
canon,20
ramekin,20
clock,20
reducer,20
nutcheerio,20
thicktea,20
leaves,20
freejam,20
raisinsalad,20
bicarb,20
rl62679,19
w8695,19
as136,19
ac,19
simply,19
frau,19
24x33,19
tyson,19
applewood,19
00500318e,19
prm256000h,19
hydrogen,19
buff,19
amos,19
005pc621,19
dync2303,19
fitbasicrg,19
004pfng012,19
sandie,19
sup,19
47944t10,19
nonchd62xc,19
lac,19
mirepoix,19
he,19
microdot,19
calm,19
otc086601,19
mnk0005,19
rl62709,19
butters,19
flatware,19
parboil,19
otc020101,19
cur095005,19
005tnc,19
enteral,19
xerox,19
otc18501,19
southern,19
your,19
emes,19
condense,19
welch,19
miracle,19
hamburg,19
krabbe,19
prm260201,19
gap,19
otc16001,19
glazed,19
mints,19
sensicare,19
00291e,19
otc045101,19
mds137015,19
wide,19
preserves,19
macho,19
spina,19
chess,19
nondairy,19
cleanse,19
dishwasher,19
napa,19
cash,19
cholula,19
maria,19
placemate,19
pin,19
snickerdoodle,19
brill,19
vectra,19
etc,19
pillowcases,19
general,19
shcac03,19
cf226x,19
id,19
ce390a,19
unv12113,19
cannoli,19
crum,19
straps,19
prevalon,19
crusted,19
planner,19
collection,19
blanket,19
seas,19
325mg,19
shaker,19
cheesecup,19
crushpouch,19
teabags,19
ofround,19
bellpeppers,19
d31000,19
silkpie,19
hourreport,19
erase,19
hose,19
nonpbm800b,18
ultimate,18
cri4001,18
30x37,18
desitin,18
home,18
safe,18
msc095340,18
prm25494,18
dynd50216,18
pre,18
baribriefplus,18
non27498,18
aqrb71,18
fit700a,18
dynd80342h,18
aero,18
non02350,18
radishes,18
005pcta09,18
citavo,18
msc094544pack,18
dynd12574,18
hcs1790,18
rocky,18
as116,18
hml21929,18
pant,18
non21450h,18
per,18
mp5460,18
child,18
non25855,18
pim,18
twice,18
ult101253z,18
msc1145,18
fuji,18
mum,18
otc18016,18
otc077024,18
non25443,18
oysters,18
prenatal,18
cnswp08,18
sparkling,18
crispin,18
orient,18
array,18
champ,18
claw,18
macari,18
f8a,18
loop,18
msc263810,18
collar,18
dream,18
zucchin,18
guava,18
game,18
standard,18
mdtnc4j15z,18
stevie,18
trashbags,18
rags,18
rl62683,18
one,18
braun,18
satin,18
breakdown,18
squad,18
wor,18
tc1182,18
easy,18
florentine,18
cork,18
grave,18
msc9506,18
sliders,18
non21420,18
progress,18
tile,18
cnswp07,18
prosciutto,18
keen,18
cardstock,18
stir-fry,18
toothettes,18
non250314,18
pots,18
dust,18
mist,18
ted,18
ladies,18
picks,18
fold,18
creamstrawberry,18
onionsalad,18
potatowedge,18
redpotatoes,18
buttercups,18
upnotes,18
yellowcheese,18
ofpotato,18
creamcheese,18
freeicecream,18
puts,18
raisinbread,18
skinpotato,18
brownpatty,18
beefslice,18
potatopuffs,18
cidervinegar,18
lcr,17
dtm8j8,17
saf,17
msc095435,17
multipurpose,17
w2032,17
ent697,17
ww710,17
bunny,17
vienna,17
msc092zp04,17
msv513p,17
otc245852,17
dynd80327h,17
doy276000,17
otc087601,17
wa06000005zz,17
005sc15,17
scouring,17
non0420015,17
panini,17
blintzes,17
hewcf280a,17
cur001109z,17
msc095635,17
otc109170,17
puffing,17
wood,17
non270001,17
shorten,17
fm2600,17
msc5100,17
um600159,17
bites,17
profore,17
rollin,17
otc423960,17
otc500201,17
figs,17
mds096202,17
cantal,17
mlk60xltin,17
otc086905,17
hhabsp1000,17
polymer,17
non25498,17
photo,17
otc585246,17
gpc1988001,17
hemorrhoid,17
bedside,17
baklava,17
mds10478,17
said,17
non27378,17
slid,17
coagu,17
bc013,17
otc106084,17
opt,17
flan,17
china,17
limbs,17
dynd12578,17
compression,17
hcs7851,17
senokot,17
antidiarrheal,17
resident,17
dynd40972,17
ibu,17
mp5025,17
fortune,17
stamps,17
unv07071,17
kennedy,17
tahiti,17
msc9505,17
pontoon,17
visitor,17
minerals,17
turn,17
biopatch,17
mp5564,17
america,17
sucker,17
pepperoncini,17
cp180015,17
shout,17
sprinkle,17
divided,17
dync1814,17
zep,17
corner,17
toe,17
pocket,17
dietary,17
additive,17
16fr,17
hands,17
fungal,17
bandages,17
road,17
cabinet,17
cookedeggs,17
pieces,17
sausagepatty,17
sausagelink,17
wayvegetables,17
ironsteak,17
rhubarbpie,17
friedchicken,17
chickensoup,17
custardpie,17
chocolatechip,17
skinpotatoes,17
condensedmilk,17
files,17
startkit,17
charbroiled,16
004pf514,16
wa05031750z,16
5399sp,16
glu,16
dynd10500,16
dynd80217,16
unilg,16
dermalevin,16
wet,16
diaper,16
swd775659,16
dynd15203,16
bistro,16
004pv517,16
hcs4485h,16
orchid,16
neutral,16
gravity,16
brn1323z,16
artisan,16
brn1333z,16
otc086406,16
otc021006,16
turnberry,16
capellini,16
lower,16
curls,16
carmen,16
cf281a,16
prm25497,16
lozenge,16
mds137000,16
prm260002h,16
004pfw513,16
oscar,16
mefix,16
cur015408z,16
otc64916,16
frothy,16
phytoplex,16
hcstic6a,16
unfit,16
cprm1116,16
vine,16
jicama,16
otc917018,16
cling,16
mdt211218xxli,16
envy,16
central,16
suds,16
mdt211218xli,16
dynd16800,16
64a,16
heat,16
fat,16
lubrifresh,16
mdtdbltreadxl,16
0050354150h,16
dulcolax,16
barrell,16
natural,16
otc403309,16
floranex,16
reading,16
msc23000,16
dynd11758,16
molassi,16
dynd15200,16
otc6003912,16
signature,16
cooking,16
ora,16
antibacterial,16
caviwipes,16
atlantic,16
chalet,16
bandaides,16
microfibre,16
mdt211218li,16
lasagne,16
refrigerator,16
unv15262,16
ww610,16
hat,16
tuberculin,16
paint,16
8451xh,16
limit,16
ck0010,16
baffled,16
scrubbing,16
ric,16
hippy,16
colored,16
maroon,16
chairs,16
emerel,16
mops,16
line,16
pendant,16
nailclippers,16
bells,16
conc,16
leaflettuce,16
naps,16
cookedegg,16
whirls,16
andcool,16
magiccup,16
medcups,16
raisincookies,16
greentomato,16
rigid,15
146976c,15
jellies,15
tossed,15
clover,15
fitextraxl,15
nonchd48xc,15
40x48,15
protege,15
fitultramd,15
pf0131,15
nonchd24mc,15
hambro,15
otcs0691c2,15
msc2133ep,15
mphstside28z,15
mds202080,15
jimmy,15
hi,15
as015,15
003x504,15
humid,15
aseptic,15
dew,15
oregon,15
fitbasicmd,15
kettle,15
prm25493,15
3429p,15
otc048930,15
velveeta,15
msc6104,15
8506sa,15
pl113,15
003pc630cb,15
expectorant,15
msc3248,15
4dcfs,15
msc351300,15
converted,15
00263e,15
otc561646,15
ready,15
003x401,15
supreme,15
nathan,15
promogran,15
melgisorb,15
otcs0378c2,15
l18s,15
queen,15
insulated,15
bicstop1099z,15
fg3003,15
speed,15
otc040101,15
010fm2600,15
eagles,15
msc5422,15
10x,15
scan,15
tony,15
sean,15
hushpupp,15
retention,15
msc3068,15
pv915,15
msc4104,15
mdtiu7sefblu,15
karl,15
colgate,15
tickets,15
lubricating,15
granny,15
otc133245,15
tn630,15
risotto,15
hubbard,15
digit,15
toothette,15
appetiser,15
comfortfoam,15
prm21454,15
hairbrushes,15
fruits,15
oran,15
relleno,15
dead,15
non25500,15
alarm,15
280x,15
fcom646,15
skewer,15
non25600,15
ruler,15
oath,15
diff,15
gar,15
catheters,15
handsanitizer,15
mscex44ep,15
turnovers,15
homo,15
suppositories,15
mds032273z,15
tara,15
manicure,15
communication,15
scoop,15
ditalini,15
casserole,15
universal,15
calculator,15
stripped,15
connector,15
organizer,15
cans,15
calendar,15
dishes,15
soak,15
largegloves,15
potatofresh,15
bodycleanser,15
crackercrumb,15
potatowedges,15
halve,15
chippedbeef,15
saucecup,15
creamchocolate,15
juicecups,15
northernbean,15
withminerals,15
chickenseasoning,15
buds,14
carnation,14
utility,14
group,14
but,14
otc056406a,14
ripe,14
6msv512,14
rl62689,14
dnvn,14
angus,14
sofpull,14
clubs,14
msc3066z,14
cur006202,14
paw,14
004pf512,14
17x17,14
lanoderm,14
nov185275,14
unixlg,14
23dr15,14
tub,14
nescafe,14
section,14
anti-perspirant,14
012qt1012100,14
tyro,14
dynd80234,14
guards,14
built,14
005den6290,14
010rtg05000,14
tolnaftate,14
jerk,14
msc3044z,14
msv512p,14
c1618,14
hushpup,14
241062s,14
non25700,14
benecalorie,14
flavoured,14
ins,14
linen,14
350ml,14
aged,14
palm,14
pv811,14
hammermill,14
swd81892910,14
006atas116,14
scream,14
80xltin,14
skinless,14
otc10110,14
otc073706,14
hcs7850,14
004pfw512,14
8j8,14
dermacerin,14
hewcf226a,14
morning,14
colostomy,14
sure,14
choupette,14
drinks,14
halibut,14
dx3300,14
msc5200,14
wooden,14
poet,14
dx3000,14
bathroom,14
sicilian,14
2c8515,14
00285e,14
sun-dried,14
mscex44epz,14
baja,14
scrubber,14
msc7344ep,14
hb4414,14
flatbread,14
cutie,14
sphygmomanometer,14
print,14
tenderknit,14
hcs4630b,14
hud20059z,14
transmitter,14
dynd40971,14
mdtfs4p04z,14
ce505x,14
dynd50130,14
005sc11012,14
novelty,14
mds160694,14
msc098600,14
shivered,14
005bd306546,14
cp1601,14
dynd50211,14
quaker,14
non27122z,14
otc066738,14
msc095020,14
coquette,14
nurses,14
tzes231,14
twin,14
decubivite,14
maxi,14
phosnak,14
portobello,14
msc097032,14
calamari,14
diocto,14
boat,14
juices,14
mdtnc4j19z,14
x400,14
code,14
otc067816,14
pap,14
mr,14
msc9504,14
odo,14
mugs,14
whiteout,14
letter,14
5p1052,14
clipboards,14
dean,14
dose,14
diapers,14
smith,14
measure,14
groundbeef,14
dicedtomatoes,14
bull,14
pcchicken,14
icecreamcup,14
repaircream,14
saucecups,14
ofbroccoli,14
ounce,14
lockbags,14
oak,14
westblend,14
alert,14
cutlets,14
edwardvegetable,14
inkpen,14
plasticcups,14
riceblend,14
andcream,14
carbonate,14
bricks,14
pins,14
eagle,13
nonchd33mc,13
smash,13
cannon,13
ultrasoft,13
triangles,13
non26830,13
cle203,13
cle202,13
unixxl,13
005tb46,13
smoothie,13
cones,13
aqrb42,13
non26872,13
otc786094,13
msc2166ep,13
reg,13
flap,13
mphsafety,13
nonhcr40hc,13
fitbasicxl,13
hellman,13
mk520a,13
mds136406h,13
otc265252,13
cel,13
hormel,13
fiwfw2b2cs,13
msc326100,13
rutabaga,13
009cdl101,13
art,13
era,13
drawtex,13
cle204,13
7196d,13
005pc265,13
tur,13
mlk8dic,13
supply,13
dynd80235h,13
as880,13
turtle,13
004pfw514,13
pivot,13
pccc5,13
dermaklenz,13
cupcake,13
day,13
badges,13
a8012,13
solosite,13
goj211808,13
tp10d,13
00260e,13
otc44003,13
clarified,13
eretz,13
pom,13
candied,13
rl62699,13
area,13
cotta,13
trip,13
quilon,13
mdtwc4b11hz,13
dermacol,13
rutabagas,13
ce255a,13
mesquite,13
coriander,13
foaming,13
reclosable,13
corrugated,13
non25224,13
zest,13
herring,13
spinal,13
add,13
otcs0970c2,13
miconazole,13
dynd70293z,13
incontinent,13
msc7022ep,13
mds9543,13
mp5945,13
gem,13
shallots,13
artichokes,13
tuxedo,13
louis,13
biohazard,13
bow,13
capsaicin,13
cho,13
watermen,13
bankers,13
heirloom,13
erm,13
mp5492,13
tor,13
fit,13
pastries,13
time,13
point,13
capella,13
mp5419,13
carpet,13
cns037,13
vert,13
inventory,13
sopapilla,13
kris,13
o2,13
cre,13
hemorrhoidal,13
toiletpaper,13
closure,13
cannulae,13
handle,13
tracks,13
juicebib,13
peppersteak,13
foamcup,13
legquarters,13
thickcranberry,13
ozfoamcups,13
erasemarker,13
been,13
brushed,13
blendrice,13
puddingmix,13
krispytreats,13
thickapple,13
andpearlonions,13
chipcookiedough,13
hullpeas,13
mustarddressing,13
signs,13
juiceconcentrate,13
ofcorn,13
eyedpeas,13
shelf,12
rdi30295,12
dasani,12
500ml,12
moose,12
pccc7,12
enfit70555,12
otc100115,12
14656c,12
005pcad04,12
msc094514,12
capp,12
prm25865h,12
pf014,12
coloplast,12
window,12
h2o,12
non28830,12
non25494,12
darlington,12
unv91200,12
from,12
otc060001,12
t100vap,12
dermaseptine,12
frenchfry,12
otc006135,12
mercy,12
lactulose,12
005tp27,12
msc5575,12
town,12
hcs676,12
otc045506,12
zeno,12
tze241,12
otc589688,12
16den1,12
msc096412,12
005fnc,12
crr108008,12
mp5024,12
hdx18010,12
frittata,12
amoroso,12
anchovy,12
q55172,12
harvest,12
tex,12
rot,12
able,12
msc095016,12
wincup,12
mphstside28,12
msc092532,12
cot,12
pants,12
halo,12
mds202065,12
squ420677,12
dynd80245,12
nonzip912,12
bruschetta,12
tasteeos,12
melba,12
a6534,12
msc2705,12
006pro1000,12
distil,12
n3020,12
iodoflex,12
otc319760,12
very,12
fillets,12
0089lrdm16,12
non034215,12
dynd70316,12
bug,12
ce505ac,12
royal,12
kraft,12
gtl2188191,12
knockwurst,12
cf283a,12
sala,12
spare,12
hml20223,12
cleansing,12
chablis,12
otcs0670c2,12
cur250381,12
wagon,12
bol,12
straight,12
msc095008,12
butterfinger,12
ira,12
nonzip810,12
otc55881,12
epiclenz,12
108pc1000,12
005pcad05,12
as89316,12
neutralize,12
abba,12
mit,12
original,12
drinking,12
letts,12
refill,12
glycerine,12
mani,12
msc325100,12
msc2177ep,12
shine,12
feed,12
mach,12
augratin,12
primapore,12
san30001,12
3245p,12
quaternary,12
1j764,12
enzyme,12
cp1696,12
rootbeer,12
or,12
mp5476,12
9412c,12
rais,12
cp1505,12
discharge,12
supple,12
truffle,12
febreeze,12
sou,12
cns036,12
cns038,12
joerns,12
epson,12
jr,12
cns030,12
of,12
mds136850,12
tn460,12
a8005,12
depressor,12
fan,12
panacea,12
writing,12
tablet,12
lights,12
create,12
handbooks,12
serum,12
lifter,12
beget,12
john,12
withbleach,12
fruitpunch,12
protestant,12
compartmentcontainer,12
vegblend,12
shellcalcium,12
ozplasticcups,12
pods,12
h,12
leeches,12
freepudding,12
oftheforest,12
sugarpackets,12
noo,12
frysauce,12
fours,12
purposeflour,12
dinnerroll,12
creambars,12
be,12
withmineral,12
andpearl,12
italiandressing,12
dees,11
x,11
nonhcr40xc,11
step,11
layflat,11
citric,11
rl64905,11
p54072,11
empanada,11
non042201,11
doy359830,11
pvs513,11
th,11
fitultrarg,11
flow,11
crown,11
optimum,11
00315e,11
msc095014h,11
pfm,11
msc327100,11
feather,11
readycare,11
operative,11
luncheon,11
nourishing,11
rl53534,11
msc263654,11
x1,11
marinated,11
gpc19375,11
smart,11
stem,11
homogenised,11
flushable,11
coil,11
yoplait,11
incontinence,11
55566bg,11
prm260202,11
otc214954,11
47974t55,11
005as890,11
speedstick,11
shrimps,11
onsite,11
226x,11
star,11
rtg05000,11
otc709011,11
mds138005,11
msc263800,11
bosch,11
goj965212,11
redskin,11
snuggle,11
anasept,11
medigrip,11
mnu60001,11
knitted,11
allkare,11
cry,11
beta,11
lances,11
omlets,11
admit,11
msc4400,11
trump,11
cur0415z,11
msc7044,11
umpfv150103,11
16rz50,11
russets,11
ellie,11
v6492,11
fleet,11
h58195,11
lava,11
rl62669,11
msc350300,11
colby,11
005sc3756,11
mds9701,11
sc3756,11
mds148010,11
unsweetened,11
dynd80417z,11
dynd80416,11
peel,11
hydrocort,11
teini1122,11
005257b2,11
mayor,11
non25660,11
msc9422ep,11
flexible,11
wanton,11
spill,11
thermal,11
nonunna3,11
fls66104130t,11
humidified,11
melton,11
nontp15ds,11
mphbaa,11
x3,11
mphbaaa,11
902xl,11
gela,11
teini1121,11
otcm00007h,11
mphbaaz,11
dynd70320,11
tap,11
fabric,11
mdtdbltreadl,11
charcoal,11
poise,11
dent,11
yakisoba,11
suppository,11
016ss120,11
quid,11
rose,11
caulifl,11
phyllo,11
msc9412ep,11
td26c,11
handwash,11
wisconsin,11
t9000,11
msc3245,11
circle,11
otc074101,11
slow,11
munster,11
cns020,11
mds137209,11
hong,11
cisco,11
connect,11
pcta09,11
chipotle,11
oxtail,11
bear,11
non25720,11
privacy,11
surgical,11
mp5433,11
was,11
ult101253,11
clocks,11
dk1202,11
condition,11
italy,11
meatba,11
retractable,11
frill,11
conditioner,11
slings,11
debridement,11
1474nh,11
allen,11
bulb,11
dressings,11
icetea,11
ozfoam,11
glucosestrips,11
whitbread,11
cleanup,11
softenersalt,11
waymix,11
crusherpouched,11
dayallergy,11
slicedcheese,11
nutcherio,11
bre,11
ozfoamcup,11
seeddressing,11
porkchops,11
breast5oz,11
ribpatty,11
kat,11
dressingmix,11
opener,11
miniwheats,11
carekit,11
free17,11
mushroomsoup,11
inchplate,11
saucemix,11
pulledpork,11
potatochips,11
joemix,11
voltbatteries,11
seatcovers,11
krispytreat,11
maker,11
towelled,11
enfit70503,10
borscht,10
6msv513,10
fitstretchu2,10
char,10
dynd80235sh,10
dynd80450,10
msc2077epz,10
dx11968714,10
casino,10
crossiant,10
y,10
pf013,10
33x40,10
munch,10
hog,10
fitstretchu3,10
pf0161,10
better,10
thickening,10
005tbd,10
goj518503,10
msc092915,10
carton,10
4x5,10
msc1200ep,10
nontgg58x,10
dynd20335,10
msc9845epz,10
pangs,10
bush,10
phantom,10
sale,10
mds139008,10
north,10
msc1066epz,10
pritt,10
msc095380,10
nonchd37mc,10
multifolds,10
theratears,10
otc070217,10
swd773662,10
diphe,10
acet,10
msc095650,10
mphpress28z,10
acclaim,10
fam,10
contain,10
otc271537,10
85a,10
sunchip,10
foodservice,10
born,10
oatme,10
cohesive,10
00298e,10
s41125,10
wbm97200,10
speckled,10
non21424h,10
as127,10
sgr10270,10
alum,10
pl1001,10
mdh75003831,10
captain,10
zpp301,10
bd329515,10
rockfish,10
mean,10
acetamin,10
otc978003,10
e260a11a,10
115xp,10
legend,10
pringle,10
otc501835,10
q89072,10
flower,10
otc589588,10
boise,10
papertowel,10
asparag,10
shorting,10
boilie,10
solar,10
swordfish,10
hh70g02,10
otc091401,10
emze010001z,10
texture,10
arginine,10
cham,10
non270001z,10
otc053101,10
otc087513,10
coll,10
crawfish,10
non25650,10
center,10
mdtwc4b16sz,10
dynd11502,10
gpt1828001,10
afresh,10
match,10
vitro,10
unir,10
postage,10
nonzip69,10
msc092104,10
v2000,10
bhl2c8515,10
cur005345,10
cheetoes,10
00303e,10
has,10
br,10
1600tlc,10
dynd11865,10
mdtwc3c11hr,10
n1096,10
tao,10
cf410a,10
formula,10
mild,10
relation,10
f9256,10
cosmo,10
hh62g1000,10
procedure,10
banatrol,10
otc905017,10
prepass,10
tripe,10
t2,10
tat,10
omele,10
p11,10
mdtbt3c40r,10
fluff,10
ajax,10
pastel,10
molten,10
jalapenos,10
adl,10
ecosan,10
non024042,10
mlc22196,10
seen,10
trigger,10
skirt,10
afrin,10
oxy,10
multigrain,10
crr107080,10
cf287a,10
facto,10
reddy,10
tagamet,10
epscf410x,10
lumberjack,10
mnk0082,10
senior,10
dynj04058,10
msc1244epz,10
omepra,10
5p1050,10
joy,10
doon,10
seb26ar,10
quillon,10
00239e,10
dvy4996466,10
mph1560z,10
nonnet05,10
telephones,10
dermafilm,10
cf237a,10
piero,10
rico,10
repressors,10
tapatio,10
febreze,10
stomahesive,10
reese,10
ww110,10
mussels,10
claire,10
lemonlime,10
applications,10
005dr051,10
mdtpg2rsbstaz,10
dynd11776,10
mds9800,10
spa,10
trap,10
doily,10
hcs4640b,10
mp5472,10
dentaswab,10
wheel,10
feathered,10
provable,10
wheelchairs,10
cayenne,10
alarms,10
horn,10
force,10
spins,10
creams,10
handbook,10
pull-ups,10
jackets,10
moistened,10
curtain,10
cell,10
creamstraw,10
wheatbread,10
thickorangejuice,10
cutchicken,10
cathtray,10
perspirant,10
ccsyringe,10
basilsoup,10
risingflour,10
cheeseicing,10
dressingpacket,10
style,10
redonion,10
protectiveunderwear,10
ties,10
potfry,10
cornbeef,10
layercake,10
vegetablesoup,10
creamcake,10
creamcups,10
creampackets,10
handledsponges,10
teabag,10
limabeans,10
cheesecrumble,10
ozbowls,10
bubbles,10
stim,10
gallonbags,10
volt,10
cords,10
startkits,10
eyepeas,10
cord,10
ardmore,9
rl64911,9
hud20039z,9
brawny,9
msc2044,9
provo,9
fit23505,9
fit23600,9
compact,9
prm21412cz,9
hr404814n,9
nontp15dsh,9
silicone,9
clo31424,9
nonchd37hc,9
msc095022,9
sgr10273,9
fit33005a,9
mont,9
w7025,9
pc410,9
dynd40981,9
netted,9
msc1133,9
cann,9
dync1674h,9
fitplusl,9
break,9
dynd80347h,9
msc2144,9
msc095010h,9
msc095034,9
gatrade,9
7539lf,9
mela,9
msc351200h,9
nonplt257dn,9
bfmsmscrl,9
pccc9,9
earth,9
msc098200,9
cf412a,9
proline,9
six,9
mph3560z,9
swd202020z,9
mds192077p,9
otc240205,9
alternative,9
unix,9
msc9422epz,9
0106dic,9
dynd10723,9
sun-up,9
005n1015,9
swd511110z,9
pc860,9
thermoscan,9
pc0235,9
rum,9
non25493,9
elmcroft,9
rectangular,9
elemental,9
00297e,9
0052c8515,9
prm088004,9
polystyrene,9
yell,9
adobe,9
non250114,9
um058071,9
ult193292z,9
non25660z,9
msc097031,9
non270002z,9
umpfv150104,9
tan,9
cartridge,9
corona,9
ambrosia,9
otc261588,9
wa05075005zz,9
msc2706,9
non25504,9
005as870,9
cf411a,9
scooby,9
mdtwc5c16sz,9
airlife,9
non25825,9
monster,9
msc1605,9
whitefish,9
loose,9
00500262e,9
00261e,9
preparation,9
msc32410z,9
0089lrob16,9
hcs0440,9
pcspns01,9
00500303e,9
soaked,9
um058357,9
genteel,9
shape,9
80x,9
dermaginate,9
9873p,9
gpt89460,9
kdl8507sa,9
pitted,9
aimtech,9
coles,9
tzatziki,9
bt204050c,9
menthol,9
non26836,9
blast,9
a2219,9
sql,9
non288425,9
scc022,9
pgc70672,9
mds086004,9
wc1212075cn,9
mdtfs4p04nz,9
mphbaaaz,9
002ab3a8,9
parma,9
avant,9
measuring,9
squeegee,9
manic,9
fol0102,9
oxivir,9
phill,9
wrist,9
n1276,9
segment,9
a8071,9
dlp,9
mp4902,9
c2268,9
fridge,9
9x9,9
anchovies,9
nonhcr47hc,9
knickers,9
spiced,9
non256000h,9
non270201,9
matrix,9
bruise,9
inhalation,9
mussel,9
otcs0813c2,9
japan,9
stretch,9
prm260201h,9
14fr,9
zebra,9
hcs974y,9
ce410a,9
otc038112,9
dynd10350,9
otcm00011h,9
powerade,9
pc150,9
extension,9
mp4791,9
650mg,9
delsym,9
repro,9
buggies,9
flavouring,9
mds9950,9
p6,9
seb80xr,9
canliner,9
di,9
flourless,9
goblets,9
grab,9
csccrmbh4,9
dominion,9
pv511,9
ct505x,9
msc351420an,9
4945229c,9
upside,9
strawber,9
profit,9
saffron,9
p850a,9
navisoft,9
gp,9
build,9
otcam324,9
cur251390,9
rollator,9
lips,9
maraschino,9
vidalia,9
role,9
intrdry,9
t160,9
monarch,9
zephro,9
dyc80545,9
otc02303,9
squ183910,9
urn,9
message,9
cum,9
digital,9
moisture,9
cnsrs02,9
downy,9
nursing,9
wonder,9
tze251,9
chestnut,9
potstickers,9
path,9
employee,9
chart,9
1j606,9
corndog,9
toffee,9
gorgonzola,9
tricolor,9
sticker,9
psyllium,9
cp1801,9
cp1803,9
bravo,9
report,9
lcca560,9
cp1706,9
mp5467,9
crac,9
entel,9
det,9
spices,9
flor,9
walkers,9
canzone,9
cocktails,9
screens,9
batterie,9
diarrhoeal,9
600mg,9
arrests,9
therapy,9
batt,9
lax,9
hull,9
creamchoc,9
pak,9
limesoda,9
beansfresh,9
fungalpowder,9
thickcranberryjuice,9
patti,9
cubesteak,9
penneedles,9
eyeround,9
chowdersoup,9
tailoff,9
edwardblend,9
dicedcarrots,9
toiletbowlcleaner,9
icedtea,9
bakedpotato,9
carekits,9
liquidprotein,9
chipbeef,9
westveg,9
brea,9
vinylgloves,9
catheterkit,9
bagholder,9
tortillasoup,9
pockets,9
padding,9
foamcups,9
chickennoodle,9
kernelcorn,9
stylebeans,9
andpearlonion,9
edwardvegetables,9
insertiontray,9
ricesoup,9
stamp,9
turkeybreast,9
skins,9
tankholder,9
koch,8
niagara,8
wncpc20j16,8
glide512,8
fame,8
mds090670z,8
eddies,8
really,8
dx33008714,8
haw,8
msv511,8
fit23005,8
medical,8
pf016,8
fearless,8
hang,8
murray,8
computer,8
msc8622epz,8
gourmet,8
340ml,8
slt1600tlc,8
pc420,8
otc42501,8
acetic,8
sahara,8
r0159,8
16scf15,8
bum,8
ntb013,8
citruspeach,8
jones,8
ckd,8
nutrisource,8
hum,8
glorious,8
gpc89420,8
slim,8
ent693sfcb,8
put,8
pvs512,8
ind,8
str,8
005as880,8
dynd80245h,8
hsk600,8
mds195176,8
non26813,8
tasteeo,8
msc092008,8
mailbox,8
msc095052,8
swd81892950z,8
milano,8
teal,8
goj194602,8
bavarian,8
mdtwc3c08sz,8
cala,8
tavern,8
005pcspns01,8
mphsafety21z,8
scott,8
hcsa1008,8
dynd50140,8
16hb01,8
spec,8
purified,8
otc020010,8
8b20,8
0058506sa,8
mdtbt3c40z,8
gaviscon,8
chlorine,8
cloud,8
arcadian,8
el,8
rl64803,8
asperflex,8
gherkin,8
ocean,8
grillon,8
fg3001,8
5x5,8
vanishing,8
ultrasoftsupr,8
pert,8
non022212,8
fieldstone,8
log,8
ncl365081,8
00259e,8
twill,8
hydrafoam,8
otc557252,8
crr104041,8
thicket,8
fol0100,8
cur253590z,8
otc015336,8
chafing,8
006atas016,8
joey,8
coffeemate,8
nontgg46xh,8
tt58,8
refrasi,8
heartland,8
uphv3036,8
otc093616,8
drainable,8
win,8
doy181500,8
hcsm70,8
mp56414,8
dynd70000,8
skillet,8
n2984,8
msc20162ep,8
110292a,8
b2,8
cur253440z,8
mold,8
always,8
non270201z,8
goj538502,8
bm844,8
kid,8
cf413a,8
otc25004,8
printed,8
cp3130,8
msc4300,8
seedless,8
hcs64377,8
polyethyl,8
z4824rn,8
degree,8
novofine,8
sports,8
barbacoa,8
hom,8
ladyfinger,8
msc2844b,8
cur001231,8
hh70g04,8
msc7048ep,8
revive,8
msc7344epz,8
otc851019,8
otc10199bx,8
munchies,8
1000ml,8
invacare,8
mnu10064,8
nffdp001,8
nffnp041,8
maid,8
p9850,8
gems,8
mdtdbltredxxl,8
pierce,8
sanihands,8
fourflex,8
tostada,8
lora,8
mdtbt3c60z,8
ivory,8
dynj086004,8
lansoprazole,8
guy,8
unv75606,8
1534g,8
49a,8
sd,8
tk50,8
005pclgs03,8
52634650b,8
cur250330,8
pilot,8
rectangle,8
msc1065epz,8
germicide,8
drtpro1000,8
viscopaste,8
eggrolls,8
european,8
tj0922a,8
otc564607,8
non00293,8
dynd70900,8
steam,8
otc063106,8
mds136405,8
glytrol,8
ruby,8
pty,8
mdtbt3c55r,8
htp14604,8
otc063412,8
laminate,8
cur0415,8
wanderguards,8
col,8
msc095390,8
twix,8
00520e,8
forward,8
trace,8
sauerkr,8
papers,8
hocks,8
dynd10805,8
brite,8
mortadella,8
mdtnc4j15,8
otc741013,8
dynd10300,8
nonpc100,8
roller,8
instal,8
dynd80417,8
yank,8
start,8
nonsleevet,8
005368wc,8
shares,8
bandaide,8
creole,8
non02315h,8
month,8
cetaphil,8
otc068101,8
ag2000799,8
otc00228,8
hcs04000,8
nonunna14,8
geritussin,8
television,8
n2796,8
21mg,8
pond,8
e260,8
msc6102,8
anvil,8
pol,8
benzocaine,8
nontp15i,8
la,8
eggnog,8
posit,8
fssc333,8
hcs4514hf,8
herbal,8
coq10,8
walkie,8
express,8
non250412,8
lettuces,8
versatel,8
unv83412,8
meter,8
plant,8
men,8
mus,8
fibracol,8
lens,8
vitalstim,8
dermaview,8
individual,8
expo,8
covrsite,8
regulator,8
monitor,8
mepore,8
brothers,8
pendaflex,8
omer,8
slot,8
00229e,8
bout,8
lcca501wl,8
barr,8
cp1808,8
armada,8
connectors,8
18fr,8
poblano,8
ref,8
yolk,8
rolodex,8
drums,8
nonnet04,8
house,8
chillies,8
defense,8
cns031,8
insert,8
stripe,8
merging,8
birthday,8
dolly,8
flash,8
cns016,8
woven,8
restorer,8
tons,8
lubricant,8
ionized,8
shel,8
pullup,8
collectors,8
forms,8
cupid,8
greentip,8
delights,8
autoshieldduo,8
knots,8
legquarter,8
serve,8
shield,8
jackcheese,8
subyellow,8
thickcoffee,8
boilegg,8
inbinder,8
breaddough,8
sweetspot,8
coatingspray,8
krispietreats,8
steakseasoning,8
nametag,8
teamix,8
master100,8
joesauce,8
creamcoffee,8
grainbread,8
styleribs,8
meatcombo,8
gallontrashbags,8
soupmix,8
andtomatoes,8
cheesesauce,8
shreddedcheese,8
pieshell,8
chickenpatty,8
lifters,8
andherb,8
anddump,8
oflamb,8
mustardcup,8
wrappedpork,8
andcreampie,8
breaddressing,8
hotpatch,8
vite,8
beanfrench,8
brancereal,8
rollback,8
basechicken,8
bedtable,8
nasalspray,8
tie,8
uppostits,8
andpepper,8
gratinpot,8
pressurecuff,8
seats,8
wypall,7
colossal,7
magnetic,7
xj6,7
ozarka,7
wrinkle,7
driscoll,7
tall,7
npkq86984,7
rotiss,7
fit33505a,7
mc513,7
fischer,7
glide513,7
reflection,7
mdt211218bari,7
dynd500mlw,7
h36210,7
004pf014,7
mc512,7
dw501,7
toss,7
hunts,7
pre-cooked,7
dc,7
rl50904,7
single,7
belfry,7
008z15j,7
pcf5b149,7
blind,7
folded,7
msc13005,7
npkp15984,7
331wfa1,7
mds195175,7
pgr3858x5b,7
ridged,7
crock,7
trans,7
legout,7
antimicrobial,7
dermal,7
non022220c,7
dynd41472,7
005hbv,7
purity,7
gpc20887,7
fitstretchu1,7
unimd,7
htp3704,7
006729ea,7
spzmop8511,7
pet,7
menu,7
otc55010,7
msc282070lb,7
nonhcr60xc,7
swd775759,7
rom,7
clearlax,7
nu014,7
park,7
htp3804,7
hcs,7
mnk0077,7
dx30008714,7
6pvc514,7
skimpy,7
pvs514,7
016ln135,7
msc7022epz,7
004pv514,7
sp120h,7
msc095632,7
grandmas,7
hud00640,7
00288e,7
005pj2c,7
lotrimin,7
rtg05004,7
huckleberry,7
goj190502,7
knuckle,7
scrod,7
side,7
reddish,7
non27493,7
dermasyn,7
004pf012,7
msc092534pack,7
004pv513,7
12cc,7
004pfm514,7
um600223,7
dale,7
non27494,7
peleverus,7
dishmachine,7
reds,7
bcpe01,7
nu013,7
non21224,7
dynd11003,7
campbell,7
otc13001,7
sooth,7
mds160664h,7
otc100112,7
careless,7
mdtbt4b80z,7
otc071185,7
mdtbtg2443dz,7
eucerine,7
c-130,7
cur003501,7
tubersol,7
caterwrap,7
mg3001,7
hey,7
mlk6dcfs,7
fce1232016c,7
bc012,7
clearlink,7
msc8722ep,7
up048,7
msc095356,7
anchors,7
maneka,7
goj882503,7
cn0005,7
tortell,7
sidewinders,7
mdh75003821,7
swd511110,7
mdh75001850,7
msc9301ep,7
stripes,7
8197l,7
farr,7
016ln120,7
b5444,7
mph,7
without,7
uniball,7
otc022101,7
cfu0010,7
cur253220,7
004pfm513,7
otc050650,7
dynj089004,7
pc620cb,7
6j40,7
dermamed,7
msc8522,7
mds138000,7
mightyshake,7
cur095005h,7
swd81892950,7
w6755,7
comfitel,7
otcs0451c2,7
cheer,7
003pc640cb,7
barramundi,7
p0518,7
noncrpxc46c,7
fcom620,7
sniffers,7
tamar,7
9894p,7
icum9000h,7
centerpull,7
d6044,7
toms,7
mds1285,7
gordita,7
ken,7
ce278a,7
mscex66ep,7
thicker,7
disinfecting,7
placemates,7
otc589488,7
rangoon,7
copying,7
swd511201z,7
hil0010404,7
ll1000,7
mds093901zz,7
msc9422,7
hoagi,7
xer106r03620,7
unv46300,7
clo30966,7
bv768,7
165ft100,7
merit,7
mp5404,7
touch,7
meatbal,7
msc098201a,7
pi,7
mds202075,7
otc10444,7
gefilte,7
mds090600h,7
msc351410,7
dynd80235,7
riot,7
gin,7
unv10302,7
palmolive,7
24oz,7
pc510,7
unv20630,7
pc0404,7
ce255xc,7
kellogg,7
skinprep,7
mds032273h,7
uhs604,7
phil,7
everything,7
glucometer,7
don,7
dynd20102,7
wicks,7
52628612b,7
ribbon,7
sodas,7
arginaide,7
eyedrops,7
posey,7
cast,7
123616a,7
otc072001,7
waxed,7
e2a,7
news,7
curtains,7
dynd80327,7
joint,7
xcelente,7
pommel,7
mr3350,7
are,7
mds090780,7
dr400,7
kfis2020,7
evspburn20ha,7
mp5478,7
qt,7
otis,7
syrs103235,7
uhs609r,7
cur9315,7
dentip,7
sword,7
switch,7
brisk,7
nonfat,7
m9,7
mphsafety21,7
open,7
seb78ar,7
shampoobody,7
l5686,7
azvhxc08z,7
pas,7
tnc3299,7
00295e,7
tf6910a,7
physicians,7
business,7
dynd11778,7
pc520,7
mds096504,7
jim,7
fortified,7
sombre,7
helium,7
cauliflo,7
bund,7
smear,7
msc095490,7
p7726,7
00219e,7
mds093902zz,7
yello,7
cupcakes,7
pectin,7
seasonings,7
otc041881,7
bicwotap10,7
room,7
msc6008h,7
chimichanga,7
dynd11754,7
ointments,7
msc9503,7
tzefa3,7
msc20109ep,7
earloop,7
rel,7
rl64900,7
cpi36093616h,7
por,7
macadamia,7
hibiclen,7
emergency,7
ww620,7
fls66104180t,7
l3355,7
chills,7
weighted,7
lighter,7
ww120,7
foyer,7
sri,7
mp5001,7
mdtab3b30blu,7
rsvp,7
cns013,7
acrylic,7
dailies,7
b1348,7
sleeved,7
410a,7
antirollback,7
erasers,7
ker,7
lovat,7
dusters,7
mozzare,7
nicoderm,7
cooler,7
cutting,7
thirster,7
turmeric,7
cpr,7
concentrators,7
peppercorn,7
nosey,7
braden,7
soups,7
mesh,7
drainbag,7
r1,7
plunger,7
divider,7
baulk,7
o,7
g,7
b2360,7
freelemonade,7
forsalad,7
york,7
chickenthigh,7
foldtowels,7
wayblend,7
barriercream,7
wheatrolls,7
eggmix,7
fresco,7
ends,7
gone,7
grapejuice,7
sensation,7
seatcover,7
r5000,7
compartmentcontainers,7
drpepper,7
cutgreenbean,7
juiceblend,7
beefgravy,7
markchicken,7
england,7
count,7
cheeseloaf,7
creamcones,7
rinseshampoo,7
glazedsalmon,7
ouncelids,7
offorest,7
inch,7
plasticcup,7
potatoepie,7
westvegetables,7
picklerelish,7
vitaminwithminerals,7
chopboneless,7
louisribs,7
gelpens,7
spliticecream,7
hairpasta,7
shortrib,7
ozchickenbreast,7
andcarr,7
c500mg,7
upsidedowncake,7
gallonliners,7
frenchtoast,7
breastrandom,7
andwatch,7
cheeseslice,7
siplid,7
braisedpork,7
defender,7
beanssalad,7
sausagelinks,7
pete,7
beanburger,7
brownsugar,7
stimelectrodes,7
potatomedley,7
thickdairy,7
ofpotatosoup,7
piecrust,7
che,7
ofmagnesium,7
beansoup,7
alarmpads,7
sidedtape,7
ozplasticcup,7
englandroll,7
nitrilegloves,7
chilisauce,7
wow,6
sgr10270h,6
4j4,6
am530,6
ren13315ca,6
lump,6
gpt20204,6
ultrasoftplus,6
radicchio,6
prm4408z,6
dync1814h,6
rain,6
optimal,6
intake,6
msc094532,6
msc092603h,6
noncrc32m,6
004pf013,6
msc32414,6
msc13505,6
005pcgf34s,6
clo35417,6
mds202065h,6
gpc19378,6
hinges,6
reeves,6
rl62667,6
005h20710,6
dermarain,6
non270202,6
pv923,6
dual,6
squ125261,6
nested,6
mds137007z,6
mb578,6
boule,6
fitultraxl,6
14658c,6
mariner,6
7198d,6
sport,6
msc9448ep,6
cranckt,6
squ400598,6
005tb30,6
150mw4oz,6
otc2933,6
otc434462,6
dynd12574h,6
gotta,6
w8675,6
blxb8553,6
economy,6
mlk80xltin,6
doritoes,6
tranquility,6
doy365000,6
listerine,6
del,6
swd511136z,6
0053612d,6
006e1004,6
geo18280,6
1000iu,6
pantast,6
buckey,6
kdl8507sah,6
mdt211216bi,6
irr,6
um104058,6
kdl84065,6
ayr,6
005flo100,6
tee,6
msc2144epz,6
arse,6
dx50008714,6
poland,6
spreads,6
as312,6
trivia,6
hr434816n,6
mdhdiswater,6
hcss4514s,6
e0878,6
dync8522h,6
bubble,6
non26835,6
ren11000ca,6
magellan,6
celluvisc,6
deter,6
frost,6
msc263840,6
carne,6
shoreline,6
tetrazzini,6
dyncstp14t,6
msc1066z,6
hcs4514h,6
005pchc09,6
crabmeat,6
016q89072,6
papetti,6
hud03728,6
msc9448epz,6
transfer,6
hcs8986,6
mds707555h,6
otc635060,6
rdi,6
non25865h,6
hytape,6
146980c,6
mdt211218xlih,6
animals,6
0050354110m,6
hhwsh1000,6
alaska,6
dync1816h,6
sunkist,6
dynd18350,6
hhwshg,6
turkeys,6
yes,6
soybean,6
elf,6
rl64837,6
rimini,6
geo89460,6
famous,6
crispito,6
aladdin,6
mdtbt4b10z,6
otc50176001a,6
hud20069z,6
r0454,6
005bp35c,6
prm25500,6
nonpbm350,6
mph4550,6
algisite,6
gpk80900,6
ferret,6
seasonal,6
mushy,6
culturell,6
bm846,6
prm21208,6
otc18992,6
canary,6
otc050101,6
non26820,6
tst30060,6
msc326015,6
hanger,6
cabbages,6
non022207,6
kut68941meda,6
j,6
grabber,6
ale265763,6
non123143,6
anchor,6
unv15343,6
albumin,6
omlete,6
dvy5105047,6
hml12863,6
nffwp002,6
braunschweiger,6
hh70w50,6
masha,6
non25600z,6
005dr38861,6
kcc25702,6
dishwashing,6
plums,6
005pcgf44n,6
a8074,6
humidification,6
lex22073mr,6
vines,6
mediterranean,6
such,6
non241286,6
msc20109epz,6
dynd10700,6
msc1510,6
lactate,6
taste,6
otc61463,6
nappy,6
msc4102,6
csccrmfg4,6
ammonium,6
tuff,6
mdtwc3c16hr,6
energy,6
msc30410,6
cmd500050z,6
hold,6
brunswick,6
peeler,6
duct,6
e7828,6
dynd75225,6
non21448h,6
otc560413,6
otc0035510,6
dync1820h,6
00500263e,6
2419c,6
replete,6
prm21208cz,6
eqx3244,6
otc60101,6
non024214,6
zipper,6
fcsb200,6
hewcf410a,6
nffnp097,6
dermafoam,6
smokes,6
roman,6
otc54225,6
applesauc,6
unv16113,6
15ml,6
bias,6
msc7322ep,6
htp18104,6
hipsters,6
mds077004,6
sudafed,6
frsu2,6
unv35668,6
dynd10440,6
non03007d,6
riches,6
pectoral,6
tru,6
deep,6
closed,6
oxiclean,6
saint,6
stallions,6
dynd10150,6
badger,6
bicgsm609bk,6
prob,6
non151717,6
unv83410,6
33x39,6
combine,6
mds8085,6
pier,6
s41350,6
notts,6
blondie,6
rtg02414,6
otc765151,6
frankfurt,6
lorne,6
ketotifen,6
fitplus,6
otc0883c2,6
ultrasite,6
stone,6
hb1995a,6
stripping,6
otc72201,6
dynd40610,6
gelrite,6
rtg02500,6
dvy04439,6
rectal,6
mds077006,6
lister,6
rivette,6
perrier,6
genius,6
mars,6
hil0101404,6
ledger,6
tnc,6
hosni,6
pc621,6
going,6
resolve,6
imperial,6
hawaii,6
mdtfs4m04,6
pcbt09,6
goj539202,6
otc10112bx,6
otc0039905,6
dozy,6
unbleached,6
mp56454,6
doggie,6
heelmedix,6
faux,6
breads,6
non250314z,6
setup,6
mlk4dic,6
otc08812,6
aveeno,6
external,6
frse2,6
chai,6
mds139005,6
buddies,6
55544bg,6
gaitbelt,6
brake,6
msc096430,6
bisquick,6
lattice,6
seb128r,6
4100k,6
dirty,6
006at10064,6
rant,6
chutney,6
span,6
doy351100,6
quesadilla,6
pc800,6
wat,6
sriracha,6
n2368,6
expanding,6
msc1266,6
wncp24c18,6
dissolvable,6
mds3001,6
non270102,6
hunt,6
tomatillo,6
shc,6
compare,6
mds707555,6
accent,6
ww310,6
950xl,6
saucers,6
shc007,6
capicola,6
polyethy,6
dynd40594,6
mauve,6
biofreez,6
146978c,6
cinnam,6
enliven,6
belonging,6
baginbox,6
bass,6
replacement,6
there,6
shiitake,6
folding,6
fagioli,6
thermostat,6
canliners,6
exam,6
soluble,6
epsce410x,6
adh,6
syr110010,6
cns032,6
heels,6
had,6
ce278ac,6
dynd13514,6
april,6
burnishing,6
arcadia,6
heritage,6
remoulade,6
putty,6
constant,6
gpr41,6
wettask,6
greaselift,6
dermasarra,6
night,6
probecovers,6
non21453,6
strong,6
washclothe,6
shg018,6
buttercream,6
foot,6
first,6
fssc311,6
tongs,6
replicate,6
r151,6
mp5475,6
thin,6
elongated,6
hoping,6
dandruff,6
notepad,6
cp1725,6
respect,6
sink,6
concern,6
fax,6
gr,6
almondine,6
womens,6
equagel,6
shoehorn,6
mds160688,6
thiamine,6
knee,6
leave,6
greene,6
chain,6
prevnar,6
glory,6
calender,6
balance,6
sorter,6
cca,6
tank,6
coins,6
health,6
sq,6
poles,6
nametags,6
juicedispencer,6
creambutterpecan,6
fashion,6
beefpatties,6
knot,6
beefbrisket,6
mozzarellacheese,6
cathkit,6
papercase,6
doonecookies,6
controlpads,6
ccsyringes,6
potfries,6
largebrief,6
fruitcup,6
chickenmeat,6
lech,6
medcup,6
forestham,6
ofmushrooms,6
thi,6
andeasy,6
controls,6
mileage,6
cakefries,6
cakewhite,6
pluschocolate,6
baseorange,6
vanillaicecream,6
mlsyringe,6
fryblend,6
crustedfish,6
beanwhole,6
butte,6
foamplate,6
whites,6
herbseasoning,6
swisscheese,6
cheesecups,6
saucepacket,6
beefsoup,6
sanitisers,6
baseapple,6
jar,6
rolltowel,6
dressingpackets,6
andpeppers,6
barleysoup,6
uppostit,6
cheesecrumbles,6
colorpasta,6
slawdressing,6
bee,6
bakedpotatoes,6
breastfoil,6
skidsocks,6
breastraw,6
extender,6
aire,6
peppertilapia,6
icecreamcups,6
potandpan,6
chipdough,6
winevin,6
andcheesesoup,6
snackpack,6
greentom,6
foam8oz,6
wool,6
c250,6
tippers,6
ctpotato,6
throatlozenges,6
pepperslaw,6
matt,6
chocolatecookie,6
machinedetergent,6
leafbag,6
handles,6
blackpepper,6
backribs,6
brushholder,6
machinecleaner,6
creammint,6
creamnsa,6
cutpaper,6
cheeseshredded,6
decongestant,6
drive,6
splint,6
frp500,5
msc281236,5
quickblend,5
barn,5
12x12,5
msc096440,5
msc092542,5
prm21424,5
towelette,5
jml1613,5
43x48,5
fit33600a,5
cafe,5
lim,5
ren16004ca,5
hr386014n,5
decaffe,5
p67,5
fagin,5
msc2344epz,5
tostito,5
comp44,5
swd303030z,5
mup2030p,5
rl62715,5
003x501,5
usp,5
much,5
chewy,5
16scf11,5
1600tlc7,5
burst,5
pf0121,5
goj452548,5
munches,5
cf,5
y7149,5
nonpxc57x,5
60xltcp,5
hml41057,5
hcsu4514s,5
pro31763,5
1140a,5
970075q12,5
marinade,5
16rz15,5
pf012,5
msc9822epz,5
prm21412,5
msc095330,5
chobani,5
oval,5
prm25600h,5
mphstside21,5
and7800,5
readyflush,5
cscbnswp,5
70xltin,5
dx11820174,5
sensor,5
decrease,5
gpc18280,5
strawbe,5
scale,5
mds192076,5
ureth,5
keebler,5
eds51111,5
ncl181801,5
6dicfen,5
dvy04550,5
003pc610cb,5
guaif,5
unipro,5
kern,5
016dt20j16,5
charbroil,5
tp9r,5
004pv512,5
might,5
otcotc091901,5
thumb,5
pro1000,5
005pcpis03,5
p15984,5
hcstic6,5
005h98092,5
otc73101,5
mdt211218lih,5
amiss,5
mds087004lfz,5
aplisol,5
clh68970,5
cele,5
breathable,5
msc13600,5
mdtwc3c14sz,5
ntb014,5
mlk70xltin,5
baribriefs,5
coi7910h,5
nonchd40xc,5
013fpcsxlgye,5
dynd500mls,5
010ck0010,5
lol,5
tze131,5
wcu48,5
date,5
9190a,5
mnk0087,5
doy359840,5
lactinex,5
msc9744ep,5
non25650z,5
msc092408,5
smooth,5
mccain,5
msc351400anz,5
com,5
rtg02114,5
fitbasicl,5
dynd80417h,5
unv80104,5
cur005331,5
omnifix,5
msc5566,5
n25,5
pillsbury,5
curly,5
mdtbt5c55z,5
grahame,5
glen,5
footie,5
dynjaahme1,5
hci912,5
00578410zc,5
fitplusm,5
baxter,5
ster10270,5
utiheal,5
codewatch,5
hcsa1009,5
swd773656,5
diamond,5
msc092625h,5
nonhcr37hc,5
004ddp30,5
004dd50,5
005h20810,5
bogies,5
hcs4511,5
msc093001,5
monoject,5
pc700,5
cherios,5
nonhcr24lb,5
rir11758215,5
eds96299,5
up3436sp,5
pc4234130t,5
liquaklor,5
belvita,5
1626w,5
shoestring,5
6598b24,5
cortina,5
otc087401,5
ida,5
55x,5
grade,5
cutler,5
dyndtn2522,5
gpt1988001,5
colas,5
c4183,5
dyndv1797,5
hcs1642,5
htp14603,5
otc323392,5
00578410z,5
ll3000,5
ups,5
micropore,5
otcs0280c2,5
4511b,5
005dr38791,5
exudry,5
msc092mbl04,5
mds086003,5
r1324,5
corndogs,5
um051038,5
ave5160,5
argo,5
lucky,5
6sj12,5
fitextrasm,5
mepitel,5
ras,5
epscf283a,5
crb017,5
msc094544h,5
cur005345z,5
sidewind,5
mg3004,5
nonchd60hc,5
philip,5
g5438,5
a210,5
bid4625315160,5
hml27076,5
flame,5
jo,5
ren11005ca,5
emp5300l,5
non25504z,5
msc8644ep,5
mdtds4p72z,5
cottonelle,5
016ln130,5
prm260101,5
pf,5
any,5
dynj05131,5
mlk6dct,5
hil0081025,5
enchi,5
mds7585,5
ham105007,5
mdt828203,5
00275e,5
prm086003,5
012qt1011120,5
50xltin,5
ranchers,5
005pcbt09,5
dynd40580,5
hcstic4a,5
toril,5
mdtiu2tcfpea,5
chefs,5
nonpxc46x,5
otc073401,5
00254e,5
fontana,5
mdt823330cs,5
forces,5
00662681ea,5
010rtg02500,5
enchil,5
castrate,5
5602ut,5
hcs93250,5
prm260101h,5
hazel,5
pimientos,5
lynch,5
threeflex,5
hcs4525,5
morin,5
prm2208,5
poppyseed,5
msc092544h,5
eqx3244z,5
sofpul,5
v7302,5
a2202,5
non2022,5
dc1152,5
wbm20030,5
cur0415h,5
msc6444epz,5
ashi,5
savory,5
mdtbtg2443cz,5
msc092308,5
does,5
um058505,5
yfwswch,5
gluconavii,5
hh70g1000,5
msc9845ep,5
compleat,5
14mg,5
otc000308,5
dynd80306,5
fear,5
a6948,5
clsb9190,5
porta,5
beige,5
nonunna13,5
01600107f,5
crf150,5
cub,5
msc9301eph,5
mdt217645z,5
otc263202,5
dyk1087969a,5
comment,5
mds202075z,5
emp5300m,5
deny,5
cet,5
proxy,5
grass,5
0089l70116,5
cashews,5
cae,5
a8075,5
wca6100,5
cheddarwurst,5
msc095066,5
pcp004,5
patina,5
dc5070,5
001904a,5
mdtfs4p04,5
humidifers,5
hal,5
accutech,5
aw182,5
mscex33ep,5
clementine,5
otc203964,5
kie,5
propel,5
dynx3242,5
fet,5
gemelli,5
unv75609,5
fssc368p,5
49624104b,5
knackwurst,5
ag1039642,5
013fps2xmge,5
scrubs,5
align,5
otc22110,5
mdt823296,5
msc7022,5
compressor,5
grin,5
otc12697,5
msc30410z,5
dynd80301,5
010cn0010,5
fiberlax,5
carib,5
slab,5
acticoat,5
l3354,5
folds,5
msc9445,5
autosheild,5
otc616701,5
beano,5
16x25x2,5
tropics,5
non25500z,5
map135100,5
benadry,5
mdtbt3c50t,5
cp1811,5
buffalo,5
yrs,5
rl64937,5
prm25224,5
12jl,5
nip,5
dynd70322,5
goj194402,5
dlx10r00007,5
mosaic,5
mdtiu2tdfpea,5
hewce505a,5
striploin,5
gruyere,5
otcs0393c2,5
n2354,5
aspire,5
pumps,5
advanced,5
terbinafine,5
sparkle,5
31522s,5
005as89316,5
assert,5
avert,5
sauter,5
non27sms2,5
oximeters,5
brooch,5
75mg,5
non25710z,5
013fps3xhge,5
msc2705z,5
008af3,5
cfs934p,5
non270101,5
otc62101,5
tn850,5
mate,5
bedspread,5
mp5111,5
rir11828899,5
nutrit,5
z8048hn,5
cp1699,5
dynd20300,5
c9952,5
fnc3275,5
flags,5
dynd50132,5
gfci,5
ginge,5
13w,5
dani,5
manchego,5
buffing,5
flip,5
panliner,5
tel,5
gon,5
nonpxc57xrl,5
005bl4562,5
swabstick,5
1624w,5
hon,5
hil0101104,5
bt224460c,5
otc07880,5
otc3200,5
roydty5,5
ce285ac,5
otc773518,5
bloody,5
6pvc511,5
bismarck,5
rubbed,5
crowns,5
fait,5
motorola,5
adaptor,5
bicgsm11bk,5
transport,5
spaghe,5
md,5
riblet,5
00302e,5
tangled,5
electrode,5
squ401515,5
vc10,5
pina,5
pinaple,5
romano,5
vegelene,5
immodium,5
410x,5
overlay,5
spectrum,5
gsm609,5
drt43880,5
cf226,5
msc2206,5
domes,5
yeasty,5
unv35688,5
orage,5
msc1065,5
non02800,5
ita,5
respiratory,5
participation,5
rl62675,5
55577bg,5
msc,5
ter,5
alcor,5
tn820,5
abftc1182,5
recloseable,5
ncl185801,5
doug,5
while,5
z6037ln,5
taquitos,5
frse1,5
hcsm70c,5
tram,5
glow,5
uhs534r2,5
mckesson,5
navisour,5
oops,5
impact,5
otc0047982,5
pipe,5
aquacell,5
bite,5
20x20x1,5
mp5417,5
tubular,5
c9956,5
19010pdf,5
phenylephrine,5
tong,5
33113sp,5
croissa,5
clo30577h,5
huber,5
rubbermaid,5
mds087006,5
printing,5
escarole,5
blonde,5
tostitos,5
chickpeas,5
famot,5
a7984,5
rellenos,5
shredder,5
cp1708,5
flushes,5
dermarite,5
scalpel,5
20x25x2,5
hcsu4515s,5
lcca559,5
squ403326,5
maggie,5
unv08851,5
006at773662,5
16x25x1,5
phos,5
150mg,5
flapper,5
msc6444ep,5
om,5
lavender,5
graphite,5
cleaning,5
s2830,5
airport,5
bone,5
flute,5
bedspreads,5
ce412a,5
hospital,5
clove,5
wc8oz,5
casters,5
us,5
grant,5
a665008,5
swift,5
royale,5
salted,5
hcs4515,5
monkey,5
povidone,5
pumice,5
allspice,5
pager,5
disposal,5
restorative,5
dialysis,5
mds160624,5
simeth,5
calmoseptin,5
chlorophyll,5
cove,5
resting,5
rai,5
acidop,5
cor,5
swabsticks,5
tablecloth,5
toaster,5
otc54410,5
cats,5
brochure,5
cloves,5
phillip,5
heater,5
fly,5
hats,5
m50,5
grate,5
unit,5
prost,5
tc2701,5
bp,5
cs,5
keurig,5
labeled,5
velocity,5
skewers,5
l500,5
orne,5
beater,5
porklink,5
slicecheese,5
hotoat,5
qpr,5
ii,5
breastzip,5
creammix,5
breastfresh,5
hingedcontainer,5
thickapplejuice,5
plasticplate,5
beefsli,5
basebeef,5
glucoseteststrips,5
leafbags,5
crunchie,5
cupvanilla,5
toilettissue,5
dicedcelery,5
dinnernapkins,5
andpearls,5
creampack,5
oilblend,5
raspberrycake,5
dishsoap,5
krispietreat,5
punchmix,5
thickorange,5
largebriefs,5
westvegetable,5
dicedonions,5
forestcake,5
batterfish,5
ofpaper,5
cardpaper,5
scent,5
breadpizza,5
ju,5
mixedvegetables,5
ofbroccolisoup,5
basecranberry,5
pocketfolders,5
squashsoup,5
lockbag,5
thickenedwater,5
beancasserole,5
works,5
frysweet,5
down,5
chickening,5
cordonblu,5
basesoup,5
andpandetergent,5
crustedcod,5
buttercookiedough,5
chipicecream,5
stylebean,5
battercod,5
barmix,5
cheddarshred,5
largeglove,5
freeranch,5
onbutter,5
sugarpacket,5
frenchdressing,5
valves,5
babycarrots,5
grainrice,5
surgeplus,5
crustedtilapia,5
basecream,5
ble,5
andwash,5
ic,5
nursesnotes,5
cupids,5
youwereout,5
chestnuts,5
miniwheat,5
sizepaper,5
plusvanilla,5
ryebread,5
mixyellow,5
noted,5
cabbageroll,5
alarmpad,5
ozportion,5
juicejuice,5
fittedsheets,5
station,5
blackpens,5
freeshampoo,5
steelcleaner,5
removalkit,5
towelroll,5
sharpener,5
hooks,5
b121000,5
examgloves,5
potatoefries,5
plusstrawberry,5
chloridetablets,5
layercompression,5
dync1815h,4
non25416,4
ox8,4
stealth,4
uwblg,4
wpw50,4
uwbmd,4
frp300,4
4894t,4
marge,4
frp400,4
h97101,4
wales,4
gpc89480,4
hud20039,4
iris,4
20j16,4
msc281242lb,4
tilda,4
extrasorb,4
t1240,4
eyes,4
msc2066,4
29g,4
ren14540,4
prm21448,4
epc510,4
toil,4
2044ep,4
fd329515,4
epc520,4
urethra,4
msc095200,4
b7824,4
005pc0404,4
dynd15205h,4
prm086004,4
squ401504,4
msc281242,4
005pc275,4
mg3003h,4
mdtht3c26z,4
non21442,4
dw5011,4
rego,4
lebanon,4
endive,4
fc,4
100ct,4
non27499,4
stratus,4
h140d01,4
005ba331296,4
squ125266,4
005pc0408,4
msc263625,4
otc04286,4
msc9614ep,4
f4143,4
msc1145z,4
38x60,4
cardinal,4
005fol0102ea,4
squ401514,4
otc09150,4
lemonaid,4
palmer,4
m5880,4
mds090780h,4
plr303710n,4
plr242406n,4
cri4000b,4
nontgg58xh,4
8ftl,4
rl64929,4
16ftls,4
hr,4
bamboo,4
gf16sl,4
lh24338n,4
msv603,4
1600tlc725,4
d4316,4
npkp13472,4
prm21312c,4
ren05235,4
msc3245z,4
hd,4
cur001231h,4
hh62g02,4
le,4
hushpu,4
empress,4
non255000,4
013fpcsdtlbg,4
pace,4
msc33700,4
004crf150,4
hhabsp75,4
surf,4
ctr000413h,4
novo,4
ritefix,4
sunglow,4
d8568,4
msc2199ep,4
nonhcr243311,4
004nu013,4
mozzeralla,4
hr386016n,4
htp18194,4
unbreakable,4
012qt1012500,4
pc0405,4
hcs3222,4
shavers,4
w8705,4
setopress,4
prb04120,4
brakebush,4
expose,4
mds192075,4
beds,4
rir12015699,4
mds093943,4
ns,4
g6985,4
barb,4
msc7048epz,4
swd511310,4
c4561,4
dynd40589h,4
wavy,4
ent693cb,4
floraster,4
dx53008714,4
clr,4
hcstic8a,4
swd511136,4
who,4
inkwell,4
005pc852,4
h1784,4
nonhcr48stc,4
cf210a,4
nonhcr48,4
thermo,4
comp66,4
ale265740,4
non25408h,4
medspa,4
sca290088,4
goj518803,4
mds1286,4
clsb9,4
005320ec,4
julienne,4
mds160684h,4
otc42401,4
kcp4007,4
gripper,4
input,4
hydralock,4
30cc,4
mds090855,4
008afcl1,4
mira,4
dvy04717,4
klondike,4
m6978,4
fitplusr,4
pc0410,4
hb01,4
pc8000,4
trad,4
electric,4
coleman,4
sheila,4
alpha,4
146974c,4
nasacort,4
004dd60,4
camrose,4
champagne,4
stallion,4
runs,4
olivamine,4
npkq55172,4
culinary,4
tam,4
100017im,4
epc,4
macro,4
pc530,4
35mm,4
shc600,4
blossom,4
verutpbgs,4
mdtfs4p04n,4
oat6802,4
amd,4
mdtbt4b55z,4
simplon,4
s2,4
79rds21216,4
mlk4cfs,4
mlk6cfs,4
msc6455ep,4
cscbnsap,4
pc0408,4
veraseptine,4
4048fsh,4
dimeth,4
non022231c,4
abc,4
pcsp01,4
msc095654,4
neosporin,4
2c710,4
mine,4
garb,4
005tbhldr,4
pl8035fp29,4
synthetic,4
mnu40130,4
hcs00640,4
trumbo,4
seb90ar,4
n8646,4
diabetes,4
non1167b,4
cheesecakes,4
ct278a,4
premium,4
fmheel,4
cf230a,4
ketsup,4
non400pc,4
kansas,4
pangasis,4
neck,4
recluse,4
nonlv100xl,4
dermadaily,4
123618a,4
rir12000227,4
cfucn0010,4
f9259,4
w0526,4
j3239,4
emp200048,4
mopheads,4
lubriderm,4
nebulize,4
h1786,4
cf410x,4
9194a,4
dynd70293,4
stove,4
glide,4
so,4
msc2377ep,4
8800jntl,4
what,4
16x16,4
skittles,4
kariout,4
virasept,4
den6290,4
biscotti,4
semi,4
towle,4
pcahw160,4
004pfm512,4
0354150h,4
mdt821203,4
um058354,4
mphpn315,4
52628616b,4
state,4
non260509,4
non256001,4
8dcfs,4
00662689ea,4
pc630cb,4
cur253180,4
004up150,4
005pr8,4
taquito,4
dync8552,4
growers,4
j951,4
dipping,4
dehyd,4
gen,4
01061048bp,4
incontinenceww720,4
utd660212504h,4
nonsleevel,4
dynd70324,4
clasp,4
medicated,4
005rx64,4
hil42020,4
golf,4
dtm100pc,4
lor,4
imax,4
quartered,4
cur006202h,4
grout,4
florajen,4
smokers,4
f9258,4
enfit70554,4
msc8644epz,4
s.15,4
d7526,4
rir12048015,4
cf212a,4
southwest,4
speedball,4
hcs4525v,4
pcad050,4
00659721ea,4
pcgf34s,4
tortel,4
msc2344ep,4
minors,4
non200pc,4
msc8622,4
gibb,4
mdtiu4sefhun,4
dynd11090,4
otc9l75504,4
unv10304,4
662tp,4
otc033506,4
list,4
gpc28125,4
vitale,4
mds701550,4
shop,4
009jetese,4
mdtfs4m04dz,4
sn240,4
msc9344ep,4
rtd,4
eds94020,4
pops,4
nontgg46x,4
mdt219715,4
orchids,4
03648a,4
e0585,4
syrs103227,4
shak,4
women,4
lambs,4
pm1001,4
israeli,4
stereos,4
00662709ea,4
uhs400,4
bax65651212,4
medlance,4
swd833310zz,4
tn620,4
kala,4
banquet,4
lyon,4
016ln195,4
mds098710,4
msc281236p,4
tuscany,4
otc0661c2,4
z4833ln,4
rotella,4
mds705110h,4
cca36,4
kut69041med,4
addipaks,4
bxt002620,4
omron,4
6j5,4
non27110,4
mesclun,4
manual,4
08484e,4
mds093906,4
behavior,4
g-24,4
cavatelli,4
nephrovite,4
dynd11216,4
h14001,4
nucella,4
icyhot,4
ici,4
velcro,4
epscf411x,4
1210bp,4
00530e,4
rtg04016,4
baguettes,4
siltussin,4
6j49,4
um058359,4
vita,4
chemical,4
msc263820,4
lurex,4
pig,4
kobe,4
fiji,4
silverderm,4
8l808,4
vitaloxide,4
gene,4
tower,4
mds9928,4
cc364a,4
luigi,4
testing,4
tread,4
dynd80235sd,4
msc5470,4
robafen,4
xer3r4299,4
hhabsp1000fm,4
mds160644h,4
zaditor,4
cotija,4
scotts,4
vent,4
bernie,4
005pc0414,4
005dc5070,4
unv86920,4
tdr,4
nanaimo,4
vivonex,4
hcs4630,4
tiger,4
s3,4
cf211a,4
urea,4
spatula,4
dvy04437,4
kaltostat,4
msc8744ep,4
bolero,4
oliver,4
005120b,4
00500302e,4
unv08861,4
20fr,4
f2156,4
v00377,4
wand,4
mdt211218barh,4
pgc70679,4
smoker,4
tracheostomy,4
002ab2a8,4
maranara,4
fitrestorelg,4
naprox,4
msc5466,4
skinsleeve,4
msc2366ep,4
gingeral,4
4052l,4
cscontbr4,4
cur110556,4
mds9380lf,4
cannelli,4
stucco,4
swd702500,4
moonpie,4
60f1000,4
nffwp003,4
android,4
vitality,4
bxt6708888,4
diverse,4
vermicelli,4
fleets,4
ms410,4
surepress,4
curd,4
rivoli,4
clo31036,4
sprayers,4
bou,4
tn330,4
49623034b,4
non024046,4
supra,4
panetta,4
sunksts,4
msc5475,4
rts,4
dvy04969,4
c3850,4
bal,4
filing,4
mdtht4b30z,4
lanc,4
upq3436st,4
multivite,4
sweet-sour,4
a0004,4
maltomeal,4
shctab30l,4
davis,4
salter,4
cellona,4
painters,4
nonzip1215,4
kenwood,4
cmd500050,4
c6792,4
rt,4
loaded,4
as87114,4
rust,4
nightstand,4
utensils,4
tow,4
cocacol,4
mmm810p10k,4
radios,4
mdtpg3roldemz,4
pasteur,4
hsk962a,4
non25212,4
nonsleevetsm,4
vanishpoint,4
4891341k,4
ce400a,4
epscf413x,4
htp14204,4
dermakleen,4
stockinette,4
hebert,4
starbuck,4
myo04120ph,4
flats,4
plan,4
005ww720,4
blea,4
malta,4
non270003,4
crusts,4
dyed,4
unv15530,4
unv10630,4
methanol,4
ripple,4
yak,4
dynd44703,4
411a,4
413a,4
non122433,4
22g,4
fri,4
760ml,4
landing,4
non254955,4
arc,4
frills,4
lachydrin,4
tze141,4
mex,4
otc513559,4
sake,4
frsu1,4
application,4
nonnet03,4
non21420h,4
robust,4
nitric,4
dvy05394,4
uric,4
dolomite,4
226a,4
seb430r,4
epscf283x,4
55544amd,4
gyros,4
raven,4
schlage,4
drt00317e,4
ce413a,4
grapefr,4
msccon180a,4
mp5414,4
cnswp01,4
cnsic02,4
016ln200,4
0026239g,4
c9957,4
ce505xc,4
liu,4
bigelow,4
m0364,4
hogg,4
device,4
a5295,4
tze221,4
3247p,4
syrs103225,4
dynd11503,4
otc74101,4
cauliflow,4
guaifen,4
marshall,4
mds160668,4
msc095018,4
melamine,4
colouring,4
rtg02214,4
raise,4
steakburger,4
towns,4
unv46200,4
healthguard,4
msc092402pack,4
otc240908,4
w2065,4
ibupro,4
unv72220,4
unv21125,4
cp3001c,4
400mg,4
989p,4
venturi,4
mdtcs4p80z,4
pineal,4
diabetasource,4
sheepskin,4
a8076,4
sm,4
lop,4
benadryll,4
tqpcf226a,4
msc6044,4
snapback,4
gui,4
b4239,4
rock,4
lorata,4
streusel,4
brttze241,4
pomegranate,4
ren05648us,4
arcade,4
molars,4
ribeyes,4
drawsheets,4
command,4
kc,4
hushpuppys,4
c5326,4
even,4
ce411a,4
non026310,4
sh,4
bipap,4
omepraz,4
fitrestoremd,4
dynd13516,4
critical,4
calcitrate,4
calamine,4
jolly,4
burg,4
01776mce,4
tum,4
otc6031260bx,4
medal,4
vegetal,4
breadstic,4
spaghet,4
rtg06000,4
cuff,4
mbo,4
f9262,4
fcom657,4
mp56464,4
procell,4
ce285a,4
oslo,4
number,4
rgfb45ag,4
mds202055,4
30000217k,4
60gal,4
namebadge,4
cheeses,4
nonadhesive,4
asda,4
bakery,4
nffer001,4
clog,4
unv12213,4
flag,4
952xl,4
bolster,4
salas,4
assortment,4
cater,4
picc,4
butterbeans,4
qt1012100,4
tn350,4
tennis,4
hydrocellular,4
brttze2312pk,4
cp1800,4
lin,4
45277cle,4
turbo,4
handtowels,4
cri2002,4
exit,4
tore,4
pchc09,4
unv21127,4
broken,4
unv25223,4
roll-up,4
circuit,4
drapes,4
baseboard,4
grievance,4
tweezers,4
otc047113,4
505x,4
shipping,4
mds160864,4
lanyard,4
infection,4
otc00550,4
flood,4
bel,4
platter,4
cp1724,4
adapter,4
mil,4
abductor,4
reinforcers,4
glc,4
centravite,4
yolks,4
satay,4
lk110,4
compere,4
cit,4
ct460560570,4
towers,4
mixes,4
ec,4
stra,4
pool,4
keys,4
l2051,4
unisex,4
jockey,4
late,4
sanitazer,4
register,4
cannister,4
tapes,4
washer,4
chest,4
halfhalf,4
greaseless,4
005381423c,4
k500p,4
bleachwipes,4
city,4
sec,4
curl,4
halfcreamer,4
treadslippers,4
potatochip,4
sections,4
rash,4
bicpens,4
andfit,4
clearcups,4
noodlessoup,4
butterjelly,4
mashedpotatoes,4
granules,4
prints,4
orangecup,4
glutenfree,4
peppersoup,4
icecreamtub,4
chickenthighs,4
insideround,4
pattyraw,4
peppergouda,4
block,4
sausagebulk,4
andtomato,4
15rth,4
kiwiwater,4
thighboneless,4
foamplates,4
nursingnotes,4
foamhandwash,4
slicedfresh,4
clamchowder,4
pcs,4
gallonbag,4
potatofrie,4
potman,4
toiletcleaner,4
redvelvet,4
freedrinkmix,4
toastcrunch,4
wedged,4
cheddarbiscuit,4
skillednursesnotes,4
juicepacket,4
upbags,4
safetycheck,4
oates,4
verts,4
pandetergent,4
cheesewhipped,4
platinumteststrips,4
edwardveg,4
steakfritter,4
vanillacreamers,4
clenz,4
redgrave,4
tipbananas,4
punchdrink,4
dishdetergent,4
dinnerrolls,4
choice,4
ext,4
bond,4
cheeseyellow,4
cheesespread,4
friedonion,4
dicedtomato,4
cheesewhite,4
inflate,4
flatiron,4
raisinbran,4
elite,4
andgrain,4
freeitalian,4
risingcornmeal,4
safetysyringe,4
porkpatty,4
islandpacket,4
ozmedcups,4
breastbrd,4
handledsponge,4
bas,4
whipcream,4
redcabbage,4
galliners,4
foodcakemix,4
siplids,4
drainagebag,4
lidscrub,4
sweetpea,4
withpectin,4
holepaper,4
glycol3350,4
moussecake,4
beefraw,4
bud,4
lar,4
bottomround,4
fluid,4
cheesepacket,4
breadstuffing,4
slicedwhite,4
ofchick,4
saladmix,4
eggnoodles,4
galore,4
shavelotion,4
tabfilefolders,4
ozmedcup,4
vitaminmineral,4
floorcleaner,4
cathkits,4
kr,4
redpot,4
compartmentfoam,4
tests,4
freecocoa,4
juiceshelf,4
pearlonions,4
8ozcup,4
limejuice,4
dogroll,4
carrotfresh,4
stingskinprep,4
friedonions,4
cheesesliced,4
cru,4
inchplates,4
inbinders,4
pearlonion,4
tubes,4
ofchic,4
chickenstrips,4
mustardpacket,4
inwater,4
thetop,4
freegelatin,4
prepspray,4
softtoiletpaper,4
potatosoup,4
itnote,4
meinnoodles,4
lighters,4
oaksausage,4
tails,4
eyedpea,4
papertowell,4
propionate,4
stylegravy,4
driedtomato,4
mustardsauce,4
cheeseslices,4
drainagebags,4
painrelief,4
busters,4
andrice,4
kidneybeans,4
juicenectar,4
freetopping,4
bedtables,4
alginaterope,4
dreambar,4
talkie,4
stretchgauze,4
vegsoup,4
foamdressing,4
balloons,4
honeythick,4
thickjuice,4
spotter,4
commodes,4
shortribs,4
ceilblue,4
sheetcake,4
labeltape,4
foambowl,4
compound,4
inchfoamplate,4
sugarsub,4
900p,3
nonhcr47xc,3
40x53,3
frp600,3
rl64907,3
rg,3
rc,3
32jl,3
frp700,3
nonhcr37,3
lbr4046x4b,3
msc094422,3
lost,3
jml1612,3
sca290089,3
medallions,3
santyl,3
dync1810h,3
1070ml,3
baa8169,3
1110b,3
dynd16900h,3
gpc47410,3
mup,3
respvent,3
mk,3
keir,3
gpc20204,3
kd77075,3
dynjaahme5,3
0661c2,3
msc281226,3
non026370h,3
msc092scsw08,3
kw3064,3
utd66801069z,3
msc9614epz,3
eight,3
012qt1012250,3
medpss,3
005pc0606,3
lido,3
artic,3
005pc0235,3
hoary,3
gooseneck,3
tring,3
full,3
dynd40442,3
rpr1014e,3
kut,3
evercrisp,3
pc430,3
rl66693,3
pcf5b,3
mds137209h,3
dynd80367h,3
dynd75229,3
005604d,3
dyndx00342,3
sc0120,3
traymat,3
pro31762,3
coricidin,3
005pc0405,3
nonchd37xc,3
00662675ea,3
sunfish,3
tetra,3
uro53211,3
g6982,3
60ml,3
miscast,3
glucocard,3
dynd80535,3
w2526,3
maryland,3
e2736,3
c22370,3
msc092408h,3
puricit,3
otc011060,3
npkq89072,3
w869,3
13600a,3
mph4550z,3
htp14203,3
staydry,3
antigua,3
g1888,3
005dw5011,3
e4918,3
akin,3
berks,3
h20601,3
mphstside21z,3
nonchd3710c,3
kluski,3
dishwater,3
gavilax,3
plac,3
62xc,3
silvercel,3
13005a,3
mens,3
isabel,3
otc071710,3
005pc465,3
mlk6dich,3
prevacid,3
early,3
talipia,3
msc095101,3
quad,3
otc772714,3
calaguard,3
chopper,3
tack,3
calazyme,3
004nu014,3
lotions,3
scottfold,3
gv,3
prm4412h,3
otc074806,3
gpc26301,3
ultrasoft1214,3
ab228,3
ale265880,3
antiper,3
16tb39,3
htp18133,3
coulotte,3
dynd74661,3
lh404816n,3
spam,3
ff,3
rtg02212,3
msc351410a,3
nonchd48stc,3
squ401936,3
squ125260,3
24x23,3
norinse,3
cofmate,3
chums,3
fife,3
cfu0005,3
frutta,3
mx1065,3
00500245b,3
f4144,3
pennant,3
spicy,3
premoist,3
cur9316,3
non25412h,3
otc40714,3
gibbs,3
cam000104h,3
dy4255,3
whpd,3
r2126,3
t1250,3
16fnc01w,3
glassine,3
ent693sfcbh,3
kerlex,3
28g,3
dyc80545h,3
004up100,3
28z,3
2p1217,3
redhook,3
3mco3344,3
ultrabulk3136,3
0057910c,3
cf280,3
mg3002h,3
din,3
msv602,3
005pcahw160,3
aq55172,3
ptx503080,3
un,3
zgaurd,3
ntb012,3
mds093944,3
010rtg02414,3
0108dic,3
statloc,3
passion,3
afs102,3
msc1244z,3
spzec851196,3
cvxgf,3
unv80120,3
005pcsp01,3
h1788,3
otc012301,3
mnu40130h,3
foiled,3
kids,3
greg,3
4a5144,3
citrucel,3
c12a,3
noncrpxc32,3
epc530,3
sms200301,3
hygea,3
perigiene,3
sofresh,3
z6640vn,3
hcs8715m,3
w702,3
ctgms310,3
7139c,3
x7658ak,3
squ401528,3
p5354,3
singlefold,3
c9971,3
parbaked,3
mds087006lfz,3
adcc,3
h8053,3
sunrise,3
mnu50064,3
dynd11519,3
millie,3
gpc26401,3
mdtbt6b55z,3
msc092208,3
5328021gl,3
nadia,3
metalsafe,3
010rtg04016,3
clh68978,3
flowers,3
hy120b,3
loc,3
n6400,3
pomade,3
kentucky,3
7x7,3
larger,3
raniti,3
organic,3
margin,3
lope,3
0054084u,3
arnold,3
msc2033,3
bhl2c8515h,3
ultrasoftbari,3
madonna,3
linguin,3
005crw,3
mds701550h,3
dynd13614,3
lanolin,3
squ125265,3
k2,3
00662667ea,3
mds093944h,3
hcr33mc,3
italia,3
53765104b,3
l52550,3
gsms3558,3
swa,3
planet,3
non27497,3
nfs,3
rustic,3
ren21533ca,3
msc7844epz,3
tortillini,3
aspercreame,3
non27375,3
pv410,3
wave,3
goj194102,3
htp14606,3
mlk8dcfs,3
mds098710h,3
pgc02287,3
002pcpox01,3
franke,3
l7568,3
sg312,3
otc2380,3
gorditas,3
tqpcf410a,3
ex,3
sliver,3
commercial,3
sanicloths,3
otc073015,3
s610100,3
dan,3
a0881,3
unv35662,3
alchole,3
278a,3
16j165,3
otc005820,3
snapple,3
geo21000,3
016ln155,3
cello,3
kcc01890,3
biscayne,3
005pc277,3
evschem740,3
solidified,3
ada,3
squ324609,3
mdt211218xl,3
hh70g15,3
non05005,3
monogram,3
prm21453,3
kaye,3
ewd18,3
morton,3
jacket,3
entertainment,3
v6954,3
j5580,3
ibc,3
rl64625,3
msc32414z,3
p300,3
aspartame,3
drkcb451156,3
prm21423,3
monsoon,3
msc092534h,3
mp5000,3
mas,3
otc78806,3
msc092542h,3
uwbxl,3
pro31762h,3
kend75035,3
peg,3
msc095635h,3
found,3
service,3
fd10270,3
mds926201,3
006as116,3
hcs2503,3
unc,3
kut7567,3
hcr48hc,3
snaps,3
msc094109,3
enluxtra,3
non-adherent,3
beto,3
h04082,3
pappardelle,3
dynd41902,3
eno,3
otc161208,3
glossy,3
nonchd40hc,3
hxc08z,3
squ401906,3
h11310,3
saltfree,3
sebtn420r,3
m16,3
non022225c,3
rti10211,3
meatless,3
non25495,3
cscontbrg,3
tyenol,3
mds089003,3
fil,3
cur8105,3
91136gcp,3
msc7844ep,3
0090bb,3
016a500f48,3
01630577clx,3
mds7586,3
010rtg05004,3
shopper,3
6640wf,3
signal,3
htp18184,3
016h58195,3
24202s,3
heparin,3
pedialyte,3
00253e,3
coarse,3
dynd20327,3
kend6242p,3
recycled,3
bariatic,3
mds8086,3
906xl,3
hydra,3
clo31009,3
01610swh,3
garman,3
squ401509,3
app12506wb,3
ream,3
davids,3
1044ep,3
mdtnc5l21,3
004pl113,3
00662679ea,3
msc5844,3
luzianne,3
t1244,3
clo00031,3
jul,3
gpc13728,3
readybath,3
htp15604,3
6817n,3
dvy5546264,3
buttered,3
8197m,3
shoepeg,3
a2316,3
trident,3
mup2040p,3
dync8521,3
syrsi,3
bicstop,3
assist,3
non25852,3
twizzlers,3
asadero,3
nutrasheild,3
htp18134,3
otc41870n,3
sl2432xhw,3
nonchd47hc,3
32oz,3
a8517,3
dy4252,3
bermuda,3
msc097033,3
timberline,3
data,3
unv10200,3
ren05250,3
gaze,3
e6243,3
bismoline,3
3512v,3
goj192202,3
fis3680130t,3
pediasure,3
advance,3
fdb270071df,3
ren14516ca,3
tartlets,3
dyn4259,3
mdt014113burg,3
dvy04329,3
aquaphilic,3
46092214l,3
59ct,3
tequila,3
unv27410,3
msv604,3
san13601,3
comprilan,3
ntb0131,3
msc2206z,3
msc092402,3
c9963,3
pioneer,3
dynd11760,3
00252e,3
mds046004,3
oi,3
enzymatic,3
fury,3
mdrahobt150wt,3
ll3300,3
korean,3
dx24019000,3
hh70w160,3
submarine,3
cf400a,3
scrubbies,3
non27495,3
msc7312ep,3
crash,3
optical,3
htp15204,3
safclens,3
rl64922,3
n0963,3
otc11780,3
twister,3
otc531538,3
htp8631,3
epscf412x,3
dynd12578h,3
dyndtn1512,3
50f1h00,3
e360,3
mds089004,3
msc095230h,3
oui,3
sterigear,3
otc450626,3
whit,3
dynd11095,3
nonchd33lc,3
drt00405,3
htp79300,3
mdtbtg2443az,3
otc21020,3
freshwave,3
fg3004,3
act,3
amanda,3
welchallyn,3
grande,3
mud,3
tir,3
1j385,3
cur8106,3
ami,3
rtp15,3
as42018,3
wiener,3
heinz,3
mg100m,3
8865jegl,3
burr,3
blackening,3
ny,3
weight,3
r5272,3
otc51560,3
pv9231,3
alpine,3
unv76300,3
doy180100,3
mdtpc4m34,3
wc121210cn,3
gain,3
refills,3
982p,3
mds137020,3
bel0020,3
weekly,3
heelift,3
nonsleeves,3
app12733,3
holland,3
kdl6560z,3
bullseye,3
n3068,3
n1536,3
confer,3
microklenz,3
cantaloupes,3
tg,3
pvb014,3
costing,3
dynj04058h,3
quarry,3
otcs0661,3
mds3003,3
e2720,3
florastore,3
jersey,3
e6586,3
hidden,3
um051018,3
hil42720,3
unv20962,3
crispitos,3
8045t,3
00535e,3
tiny,3
lingered,3
s242406,3
s3860,3
sime,3
undercast,3
rely,3
msc0924004h,3
htp14803,3
npkh04082z,3
mphsafety285,3
lefsa,3
cf213a,3
fiberstat,3
r7850,3
rl59721,3
mg790,3
mdtbt3c55z,3
msc7322epz,3
towelettes,3
conecuh,3
pacs,3
teodor,3
lcca526,3
bmg425112702h,3
2c740,3
msc9303ep,3
loz,3
uro51211,3
wa05031125,3
msc64610epz,3
dulcie,3
biostep,3
yelled,3
smd10330,3
tornado,3
afro,3
fssc241,3
polyethe,3
true,3
worcest,3
pgc70678,3
hope,3
ant,3
msc10614,3
non241289,3
z8048mn,3
msc9644ep,3
nylon,3
non21454z,3
speck,3
condom,3
mdtbt4b80r,3
fol0101,3
ctr000412,3
rktr51411,3
fitrestorexlg,3
circles,3
msc9822ep,3
htp3803,3
as42016,3
day006216,3
beyond,3
rpprph144ltdz,3
lemoncello,3
cannelloni,3
uwbxxl,3
backs,3
msc351300h,3
dermadress,3
autocover,3
refrasia,3
non4420,3
timemist,3
fitliner300,3
antiacid,3
spirometers,3
00276e,3
unv96920,3
non04200,3
hewcf281a,3
smd73234,3
orbital,3
b9612,3
a3114,3
d1138,3
bd278,3
cp1700,3
hewf6t84an,3
derby,3
cri4010,3
hewce410a,3
ren12511ca,3
otc0039850,3
medallion,3
ca366,3
2c392,3
hud1642,3
lcca519,3
lcca522,3
msc9308ep,3
arrow,3
776z,3
msc2706zz,3
flora,3
prmctgpr41,3
dvy5115958,3
unv15510,3
bacterial,3
niferex,3
j3642,3
sweeten,3
michell,3
msccon180are,3
gorilla,3
e0583,3
confetti,3
16pbsl28g,3
dynj07254a,3
tqptn450,3
25mg,3
excedrin,3
epsom,3
rl64903,3
otc055009,3
hydrocoll,3
lotus,3
ph,3
010rtg06004,3
mp5410bk,3
uhs422,3
zataran,3
sold,3
caring,3
otc035740,3
nutritious,3
dtm20j16,3
picant,3
coi15521,3
fcom609,3
cp3028,3
j0353,3
artiflex,3
otc038196,3
bsl,3
royrpsmd,3
coi1964h,3
ntb0121,3
not,3
noncxc36h,3
gpc12798,3
alfred,3
watermelons,3
mp5643en4,3
napping,3
gingersnap,3
skip,3
spotbuster,3
propping,3
prose,3
010rtg04004,3
n0655,3
greasecutter,3
stay,3
nonpxc39xrl,3
msc33505,3
magnet,3
8800jntm,3
chfcut,3
quillion,3
scandic,3
bonnet,3
nor,3
idahoan,3
vigoroso,3
hewcf280x,3
otc,3
goj538302,3
nonnet07,3
msc2166,3
dynd11766,3
drakes,3
63xl,3
cara,3
hil0080325,3
otcs0766c2,3
b2176,3
mscmg02,3
amlactin,3
ct364a,3
d1,3
clamshell,3
6j17,3
6j7,3
283a,3
hams,3
mlk8dct,3
msc3068z,3
otc083701,3
msc1266ep,3
quail,3
cf401a,3
non21446,3
gp42004,3
expansion,3
petrolatum,3
caterwraps,3
23005a,3
vertical,3
imi,3
htp3344,3
24g,3
16x20x2,3
60xlt,3
sunchips,3
speaking,3
drt00318e,3
ther,3
arch,3
non030035,3
pic,3
vanish,3
m40,3
412a,3
goldenrod,3
avon,3
23505a,3
dynd12588,3
same,3
lithium,3
00500253e,3
010as820,3
cozy,3
55522amd,3
uhs109,3
pg245xl,3
mscex77epz,3
also,3
e0591,3
notepads,3
lubriskin,3
00278e,3
5p1049,3
willcopy,3
pmc07702,3
cf400x,3
parisian,3
b52,3
welcome,3
milky,3
as89318,3
0053411ken,3
003x20110,3
00296e,3
squ401513,3
mds098001z,3
013twc1275,3
as861614,3
visine,3
bd306546,3
fingerings,3
degrees,3
sep,3
dusted,3
a4566,3
hil20049,3
sterling,3
dynd18100,3
ranger,3
nonwoven,3
for,3
squ420674,3
cetin,3
106r02311,3
mdt823330,3
l5203,3
sebdr420r,3
prm25500h,3
camelot,3
direct,3
hipster,3
mnt414,3
caviwipe,3
nantucket,3
trashbag,3
3mco3562,3
urosecure,3
lacroix,3
rec,3
cns017,3
lure,3
ren11510ca,3
vanity,3
10ml,3
otc051281,3
8832jntxl,3
attends,3
gritted,3
mds090855h,3
cranmer,3
parkes,3
c9958,3
t0426,3
none,3
balltip,3
nonrebreather,3
cns028,3
msc68841a,3
mds21460,3
protect,3
cns351,3
continuflo,3
acidophillus,3
bolsters,3
00290e,3
cute,3
bsn36591ct,3
20x25x1,3
ncl036583,3
mds09073,3
jambalaya,3
otc088406,3
momentary,3
prim,3
fcom612,3
murphy,3
fcom613,3
emze010001,3
map,3
amen,3
packaging,3
guinness,3
nonhcr,3
preserved,3
barrie,3
bisaco,3
incont,3
nose,3
106r03622,3
mp5425,3
cp3001d,3
pctsw,3
tincture,3
soul,3
cactus,3
omelettes,3
mp5211,3
cable,3
kinesiotape,3
htp8460,3
claratin,3
conform,3
0025bb,3
spong,3
pclgs03,3
reached,3
chocol,3
pc4234180t,3
dvy5104811,3
evspplsh20w,3
hc8800jwnm,3
cf230x,3
non256015,3
mayonn,3
ctdr420,3
tangerine,3
highland,3
lcca507,3
alldress,3
mds169028,3
statlocks,3
more,3
otc01224,3
moisturising,3
detain,3
pc203,3
as85014,3
bxt471701,3
bangers,3
dtmpl1n,3
maui,3
flexi,3
non02850,3
mds137005,3
mlk60xltcp,3
htp14104,3
131a,3
rir11819215,3
mx110k,3
liquacel,3
opera,3
00294e,3
5le23,3
a0694,3
otc0801c2,3
mnu80001c,3
eclaires,3
msc33255,3
ce255x,3
mds087006lfh,3
80ar,3
e1004,3
h1950,3
fcom301,3
bison,3
diabetic,3
dynd10703,3
decanter,3
carbon,3
epscf281a,3
dynj05154lf,3
scoops,3
brkbush,3
p13472,3
c5322,3
cobblers,3
r1542,3
antidiarrhea,3
vail,3
lion,3
jiffy,3
wipers,3
mp5562,3
htp18193,3
mds087003lf,3
non042002,3
uncle,3
temper,3
spillproof,3
laguna,3
dhd224000,3
jal,3
dermasaver,3
mozzar,3
nine,3
entry,3
wristband,3
menphor,3
mail,3
mdt82650cs,3
transmitters,3
non123848,3
unv35672,3
gl900,3
sop,3
dyk1336036a,3
see,3
sanatizer,3
otc095101,3
flaxseed,3
petrol,3
east,3
6642wf,3
shelving,3
panaceac2ae,3
kind,3
bouillon,3
cp1703,3
trial,3
tortelli,3
0330kzq,3
l6012n,3
edible,3
chd,3
6cfn,3
medicaid,3
doubler,3
kleenall,3
sca,3
certavite,3
tzefx231,3
coffees,3
surgilast,3
45257fnd,3
e7824,3
rotisser,3
ultrasoftnorm,3
portable,3
powered,3
mdsmdlcsl2,3
cured,3
sco,3
mds926101,3
r11,3
2n8378,3
eb01b,3
attendant,3
slotted,3
cp1697,3
evspstrp20bk,3
triggers,3
cobble,3
40w,3
unv10210,3
handheld,3
goof,3
bnl,3
16tbhldr,3
c7870,3
pcpis03,3
mds160884,3
panliners,3
carts,3
bomb,3
stocking,3
cp1816,3
cns003,3
cnsds22,3
sweets,3
sunscreen,3
hearing,3
quilt,3
usb,3
garnish,3
squ401526,3
otc177121,3
utd420400z,3
select,3
pebble,3
24fr,3
islpc1n,3
as385,3
tumble,3
0053611d,3
10b20,3
as307n,3
rocker,3
l,3
pathways,3
flo,3
mdt219683,3
305a,3
otc073030,3
gaitbelts,3
23g,3
fluorescent,3
ren14540ca,3
graves,3
unv21130,3
notice,3
ca,3
c4418,3
cornbrea,3
cf360a,3
fcom611,3
change,3
a2942,3
bulletin,3
msc33600,3
cur250317,3
mp5411,3
liquids,3
52234055b,3
m2312pk,3
musinex,3
whi,3
ce505,3
tp10dgm,3
tibet,3
cp3008a,3
butterscot,3
mds137015z,3
pendants,3
f32t8,3
task,3
dehydr,3
piggy,3
l5200,3
ingli,3
tomatillos,3
composition,3
sunkst,3
edema,3
rtg05002,3
m25,3
frame,3
mdt217disp4,3
decaffeinated,3
cns019,3
cnsrs04,3
jetdry,3
marjoram,3
multimix,3
loctite,3
abreva,3
browned,3
dura,3
cfs382p,3
reinforcement,3
hospice,3
plateguard,3
bright,3
hep24604gn,3
martinelli,3
1478nh,3
00277e,3
non250318,3
manilla,3
seb05xr,3
non28758,3
waters,3
cheesed,3
005240hv,3
dtm8sl,3
domino,3
pillcrusher,3
hcs4600b,3
8850jegxxl,3
dynd11008,3
s2830dn,3
tutor,3
6dcfn,3
drape,3
b40,3
lavatory,3
admin,3
facilipro,3
certification,3
unv83436,3
consultation,3
dynd11532,3
knit,3
fssc351hh,3
mole,3
tatar,3
cp1901,3
frances,3
tenderloins,3
maggi,3
bingo,3
hmi,3
dynd11774,3
salisbu,3
handtowel,3
msc9301h,3
vane,3
thai,3
deodorizer,3
lateral,3
otcs16c,3
cp1718,3
appetizers,3
rulers,3
shakers,3
alphabet,3
kwalu,3
2tppr02,3
interact,3
uhs8122,3
uhs8123,3
uhs8124,3
tablecloths,3
reclining,3
gpr54,3
bead,3
meri,3
newt,3
locks,3
unv24812,3
flax,3
p,3
erc38br,3
0029597vsc181603,3
ian,3
closer,3
swd850310z,3
cuffless,3
ww690,3
bins,3
hammer,3
pullen,3
boom,3
shapes,3
creamsundae,3
andpork,3
pecanensure,3
12rth,3
roastedtomato,3
farm,3
hotcup,3
pail,3
debbie,3
juicecan,3
sourcream,3
ofcrab,3
potatofrys,3
segments,3
andgrill,3
dairytopping,3
mixfruit,3
shakeplus,3
skinon,3
martin,3
tenderflat,3
seg,3
ozchicken,3
cutpotato,3
bluecheese,3
sodiumsausage,3
oxideointment,3
stingspray,3
icecreammix,3
pulp,3
tumblerlid,3
teststrip,3
angelfood,3
cra,3
magiccups,3
ensureplus,3
potatoesfresh,3
thickenedmilk,3
turkeylink,3
anddointment,3
edwards,3
gravybrown,3
beancan,3
tipbanana,3
beefsteak,3
tops,3
mount,3
charms,3
choccake,3
bladerazors,3
johns,3
paperplates,3
silverpower,3
topped,3
greencut,3
tealid,3
turkeyham,3
spikeset,3
frybeef,3
berrybread,3
granule,3
cris,3
mashedpotato,3
gamehen,3
lineadapter,3
greenpeas,3
sweetpotatoe,3
chickenbase,3
fryseasoning,3
ropesausage,3
withmask,3
adherent,3
seedlessgrapes,3
changetray,3
shredcheddar,3
polishpads,3
butterpecan,3
shot,3
bunbury,3
galbag,3
eraseboard,3
600d,3
appletea,3
cathetertray,3
roastedpotatoes,3
withfiber,3
peachyogurt,3
dietkit,3
dicedpeppers,3
cheddarsharp,3
a12,3
eggsalad,3
toa,3
dryersheeted,3
liquidcoffee,3
shelve,3
cidervin,3
is,3
domelid,3
pepperfish,3
blackforest,3
redapple,3
cups9oz,3
tarsauce,3
folderlabels,3
noodleegg,3
glucosecontrol,3
bathroll,3
shanks,3
ounceplasticcups,3
sausagerope,3
butterchips,3
trashliners,3
hereflags,3
porksausage,3
andhalfcreamer,3
pil,3
screw,3
drymilk,3
wheatroll,3
dicedpotatoes,3
anddumplin,3
andtom,3
bisquesoup,3
andgrilloil,3
juiceaseptic,3
loinribs,3
andbodywash,3
juicefrozen,3
eggnoodle,3
oxide400mg,3
summary,3
laundrydetergent,3
wishes,3
holes,3
beefpork,3
belly,3
makertape,3
andblackbean,3
protectivecream,3
nasalcannula,3
ofcelerysoup,3
peeledpotatoes,3
juicebottle,3
andricesoup,3
loi,3
gallons,3
bokchoy,3
roundbeef,3
feedsyringe,3
b12500,3
wheatfarina,3
grapetomato,3
bluelarge,3
chickenwings,3
breast4oz,3
yellowsquash,3
12cans,3
cookedchicken,3
cloroxwipes,3
traycard,3
stingbarrier,3
trayticket,3
splitpeas,3
sealer,3
skinlesschickenbreast,3
f,3
tiepasta,3
chickens,3
al,3
nutmuffin,3
charlesvegetables,3
fatmilk,3
guardpaste,3
freeseason,3
hotpatches,3
meals,3
uppostitnotes,3
skis,3
chipcook,3
correctiontape,3
stockpaper,3
ozsquat,3
dicedfresh,3
cutvegetables,3
trashliner,3
fungalcream,3
charger,3
slicedamerican,3
legalpads,3
cutveg,3
beancanned,3
632hh,3
inchcape,3
butterdough,3
oftartar,3
lechescake,3
ofpalm,3
purpose,3
probecovere,3
krispi,3
tipapplicators,3
potatowaffle,3
cutiepie,3
snails,3
ringbinder,3
gloveslarge,3
roastedbeef,3
permanentmarkers,3
d35000,3
local,3
mixorange,3
bismol,3
dietcoke,3
nitrate,3
pieced,3
foldpapertowels,3
poor,3
flak,3
precisepens,3
berrycake,3
blenditalian,3
lancesafetylancets,3
crustedporkchop,3
breadcrumbs,3
brownpatties,3
fabricsoftener,3
bacondressing,3
cockta,3
saucepackets,3
filefolder,3
andjoint,3
progressnotes,3
motor,3
thickenedorangejuice,3
thebedtable,3
oztumbler,3
resistancebands,3
alediet,3
cookingwine,3
grip,3
buffingpads,3
x17paper,3
bulbballast,3
frsuction,3
chocolatechipicecream,3
sugaradded,3
fabricsheets,3
hamsliced,3
meinnoodle,3
binderclip,3
treatment,3
freebun,3
dicedchicken,3
breadseasoning,3
brushholders,3
dispensers,3
lactosefree,3
63ink,3
curds,3
wheatbreadstick,3
paperlegal,3
roundtop,3
cokebib,3
potatopancakes,3
pointpens,3
flakecrumbs,3
almondfudge,3
handsplint,3
retentiontape,3
outtape,3
n,3
beanscan,3
risk,3
mixwhite,3
thebedtables,3
flakescereal,3
beanpuree,3
wheatpasta,3
woundcleanser,3
tomatosauce,3
seasoningsalt,3
bayseasoning,3
plasticplates,3
creamsugarfree,3
vanillapudding,3
honeymustard,3
tankholders,3
participationlog,3
ranchdressing,3
cokesyrup,3
crunchfish,3
testkits,3
cheddarsoup,3
turkeymeat,3
sticknotes,3
butts,3
panel,3
foam10,3
upstickynoted,3
breadpullman,3
traycards,3
pastelcopypaper,3
chaircushion,3
andherbseasoning,3
cubedsteak,3
waxremoval,3
evaluation,3
limeshasta,3
uro51211ch,2
dd60,2
alf,2
pers,2
floral,2
figaroos,2
mdtps4b04fpy,2
mds137015h,2
kd77074,2
5979c,2
scxt32000,2
probit,2
frymax,2
932a,2
non1013,2
dynd16800h,2
extrasorb3036,2
bax65651,2
prklp0500,2
me41213,2
de00199,2
016q85084,2
rosarta,2
hcs7852,2
msc094105,2
016ln160,2
extrasrb3036a,2
ocnspry,2
a500f48,2
hhwsh16,2
digiclean,2
dy1320,2
otcotc077024,2
msc095060h,2
htp8031,2
nonpbmsfk,2
rudy,2
premoistened,2
lbr4046x3c,2
msc2344eph,2
msc281232,2
msc2044eph,2
dermacea,2
msc094208,2
msc9604ep,2
a3x,2
non24265,2
lightly,2
mds136850h,2
mphpress28,2
958b10,2
otc020208,2
nonhcr37xc,2
lisc0120,2
fitliner500,2
ab128,2
whiting,2
otc052403,2
kcp12388,2
nai6507h,2
012qt1012,2
train,2
gauges,2
13505a,2
mds7585h,2
e6864,2
buttery,2
bastard,2
blz41200,2
nonlv200,2
dw,2
mph191101h,2
empanadas,2
00524220d,2
005pc0410,2
3mco2962,2
inc,2
mountview,2
wa05031125z,2
nontgg58xhr,2
hq,2
h1653,2
kd67093,2
kd77073,2
hud03733,2
msc281264lb,2
ge45101,2
aa176300,2
otc08690,2
ultrasoftextr,2
k3468,2
silvercell,2
dynd80301h,2
lil,2
169fc,2
hcr40xc,2
dynd44703h,2
otc083006,2
hcr62xc,2
d9542,2
013fpcsdtmbl,2
msc282070,2
wca6200,2
b0803,2
31dk84,2
cri5000,2
aa351422,2
aa16j16351410,2
jml305,2
abuelita,2
non21449,2
bgc450019,2
mlk50xltin,2
up072,2
e5954,2
captains,2
minute,2
mirlax,2
jif,2
covidien,2
009kc21400,2
non25408hh,2
listen,2
meglisorb,2
ab138,2
hcr24mc,2
005as126,2
msc263701,2
squ125264,2
a6998,2
squ413336,2
20039e,2
nonunna,2
ethanol,2
hearty,2
redbull,2
squ400599,2
ge10101,2
de0028,2
mli111220z,2
non255145,2
ros64625,2
dy2184,2
dy4282,2
ge22101,2
cpi36093616,2
bicstop1099,2
016h04082,2
optic,2
6155os,2
butterball,2
combination,2
fight,2
brochette,2
dynd80321h,2
stu057508h,2
glide511,2
prm21416c,2
16tnc01w,2
msc095024,2
3mco1583,2
uphv3030,2
resources,2
bleached,2
h8647xc,2
ncl26354,2
23f0010,2
0051210bp,2
y443750228,2
rub6310wh,2
laid,2
as308n,2
otc03060,2
otc41665,2
cru513,2
h36205,2
2424rx,2
bluff,2
nonhcr24,2
breeders,2
icum9000,2
ame115,2
destined,2
toileting,2
ck0005,2
calizime,2
clem,2
tarte,2
rb6002,2
sparcreme,2
lartin,2
mds087004lfh,2
squ324604,2
25w,2
k2980,2
seb,2
00272e,2
non21224h,2
want,2
mdtwc4b12st,2
scatm1616s,2
16ftl,2
lemonez,2
h20810,2
reduced,2
starter,2
brkfst,2
dynd11776h,2
70301gcp,2
cure,2
5b20,2
mds096206,2
85ht3r,2
dx11928714,2
papertape,2
58oz,2
005pc0306,2
gpt28125,2
squ401502,2
non26871,2
cass,2
33350n,2
sharpstar,2
53cz4g,2
fully,2
mc03hbh500,2
pc0414,2
010001901a,2
otcotc042101,2
alfamino,2
dynd40972h,2
kend775100,2
kant,2
mphb9v,2
omletes,2
0057196d,2
htp18192,2
dy3059,2
dukes,2
evschem210,2
ge42101,2
0801c2,2
005hb4414,2
tastes,2
mds2586,2
sp3610sf,2
nonpl4n,2
epsce400x,2
unv15141,2
mds192077,2
l8805,2
elecare,2
lipbalm,2
4000b,2
7044ep,2
mdtwcg2443,2
lh24248n,2
j8734,2
004ddp40,2
010rtg05006,2
005h207,2
005h98091,2
mouthpiece,2
prm25493z,2
famoti,2
rl66694,2
swd775100h,2
entraflo,2
updraft,2
cru514,2
msc2844bz,2
squ411807,2
endoform,2
sn203,2
hcs4483h,2
redd,2
otc26525,2
103gen,2
gpt20389,2
standi,2
benzoin,2
sanitiz,2
squ403771bx,2
0102k8004,2
tangles,2
mb540a,2
otc001256,2
sh520,2
dx5900,2
dx5600,2
hud1680,2
0028168m,2
002pc10260,2
waldorf,2
brilliant,2
ctge260,2
dsfw25400,2
mdtwc4b12sz,2
arginard,2
rca,2
ars,2
dynd11762h,2
cp1620,2
rk800e,2
r30,2
pontoons,2
dynd80281,2
wa05031750,2
chinese,2
00662683ea,2
msc2166epz,2
fw2b2,2
awp80580,2
bet7512900,2
lingonberry,2
lanaseptic,2
013fpcsdtxl,2
mitqsqsagc,2
mdtps4b03fpy,2
gj1946,2
value,2
surfburger,2
10j10,2
cbd,2
covaderm,2
fitultram,2
cru512,2
sacco,2
1220oz,2
sunrich,2
4048rx,2
004ddp20,2
an430,2
hil0011204,2
umpfv150105,2
e5764,2
otc04210,2
htp18004,2
pgc20542,2
pgc24201,2
n0060,2
jml4412,2
polka,2
mdtbt3c40t,2
wildberry,2
012qt1012120,2
s242408n,2
tm6510,2
goj221804,2
unreal,2
004crb017c,2
non152426,2
w8,2
carved,2
mdt5100,2
goj215608,2
spirit,2
starql100,2
fexofen,2
m2196,2
gpt21000,2
cgp14278,2
00306e,2
baa150,2
msc30414,2
polishing,2
nonhcr33,2
hil30481,2
islander,2
theratab,2
casio,2
age,2
tqp106r02311,2
roland,2
otc102008,2
kc04442,2
non03010,2
mdtwc5c16sblu,2
013fpcsdt2xgn,2
e1200,2
arg,2
12j12,2
dx30008775,2
hs3704,2
hs3804,2
ma028,2
touched,2
mup2060p,2
non25312,2
ren06003wb,2
kik11008635042,2
roommate,2
j9066,2
frisbee,2
8800jegl,2
msc2077eph,2
dynd11503h,2
sac,2
prepare,2
prm260102,2
ren11510,2
yucca,2
as306n,2
mdtbb3c17t,2
msc2424,2
gerber,2
clorax,2
dynd40702f,2
810p10k,2
halls,2
acas,2
gnocc,2
rag,2
ct593bbmf,2
2c712,2
squ401508,2
squ401546,2
htp14202,2
8800jegm,2
ala295300,2
tinactin,2
prm25499,2
4a4194,2
carrascent,2
mis71042z,2
010as833,2
010rtg02114,2
mandolin,2
scraper,2
serving,2
tp275,2
dvy03844,2
z8648vn,2
wypalls,2
hoffmaster,2
hcs00,2
pikes,2
urban,2
msc2605,2
7832amd,2
msc092b02,2
morrell,2
mott,2
msc098201,2
utensil,2
otc957,2
non24527,2
1265p,2
dynd7600,2
fh23504,2
jo04578,2
mx417de,2
3mco3569,2
swiftband,2
rl62697,2
emp5400m,2
pv011,2
quatsafe,2
hewq5949a,2
016ln127,2
msc282040lb,2
carving,2
bf401,2
cannonball,2
home402,2
c9948,2
alb,2
otcotc091301,2
dia03986,2
pcf,2
m3744,2
bouquet,2
v8346,2
icbrg,2
pg1000cbt,2
wrinkles,2
bax65651212h,2
airlift,2
t1,2
msc325100h,2
wncpf8,2
evschem480,2
dy4881,2
dy5205,2
versitot,2
wester,2
alginat,2
80xltcd,2
mds195177,2
e260a,2
v5922,2
msc094424pack,2
hotpack,2
daisy,2
nonpl2n,2
non25807,2
u26595,2
rl58299,2
c5516,2
mdtwc4b12sr,2
e2544,2
puck,2
0062l4146ea,2
mds138020,2
otc042501,2
sorta,2
004bc013,2
005fw2b2,2
005as87114,2
00500316e,2
syrs110217,2
40x46,2
00240e,2
glutasolve,2
33x38,2
l5202,2
unv20982,2
sidewin,2
hud20059,2
a0688,2
faldo,2
dy4877,2
m9702,2
t1248,2
bp35c,2
smelt,2
pgc96256,2
spa711612,2
otc501501,2
bxt474000,2
bd305905z,2
50560528q,2
005603d,2
oat6803,2
msc2333ep,2
sca290095,2
hcs4507h,2
sc110,2
mdtiu4tefgre,2
65w,2
w,2
win86000500,2
redrope,2
tucks,2
j2402,2
647a,2
005gh36,2
unv27411,2
pvc512h,2
roylivi,2
murchie,2
016cb610795jd,2
00500298e,2
016dcc16ftls,2
nonhcr48stb,2
nonpbm,2
nontbdenz,2
fruity,2
pilgrim,2
reach,2
005c2810,2
dynd7000,2
tqpce410a,2
bleak,2
syrs101272fz,2
mphstside,2
a8004,2
rl64925,2
cattlemen,2
squ416976,2
dyncsds14t,2
msc095332,2
1500z,2
craig,2
msc26375,2
msc2002,2
aftp534,2
afmfk200,2
loraine,2
ll2100,2
pic0220,2
coverroll,2
zoom,2
wands,2
c9350,2
005eb01,2
otcs0661c,2
00662677ea,2
sort,2
msc097040,2
delicate,2
brttn540,2
s404816,2
carrington,2
msc7366ep,2
evapo,2
cornfla,2
nfi,2
vernons,2
malted,2
unv35267,2
msc7322,2
enf1004k,2
otc301002,2
n0266,2
pintoes,2
shark,2
skipjack,2
continue,2
8850jegxl,2
mds077004z,2
dynd11216h,2
squ401935,2
pc610cb,2
74806gcp,2
otc00043a,2
ab136,2
sanity,2
6j170,2
nephrostomy,2
fob,2
meltaway,2
q5949a,2
dx1192,2
013fpslbge,2
ncl6230,2
dynd16700,2
tlp316,2
moln1452,2
bd328446,2
2306046s,2
3mco90619,2
50xlt,2
lex70c10k0,2
lex70c10m0,2
smd10230,2
60f1h00,2
hud04128,2
3mco90610,2
torts,2
mds10478z,2
subba,2
eqx3266,2
spot,2
dom,2
towelete,2
cf402a,2
otc93101,2
mscex77ep,2
dynd44140h,2
probecover,2
ptx503070,2
mmm3344ccsz,2
mdtwc4b16st,2
mudd,2
nu012,2
hcr3710c,2
3235r3n,2
00292e,2
htp18103,2
8851jegs,2
mdtfs4p08n,2
utd66801068,2
mds9388,2
0092bb,2
01616sl,2
refer,2
awake,2
kabob,2
e3282,2
be105,2
as326,2
00007h,2
uplt2336,2
keeps,2
ren11000,2
msc2133epz,2
mill,2
foamy,2
msc097042,2
mds086002,2
as833,2
016goj965212,2
hil0107855,2
dvy5516217,2
hardwound,2
ds5472130t,2
53fc9,2
l809,2
systaine,2
5135r3n,2
msc092004,2
i,2
glucera,2
ventura,2
geo89420,2
6025xl,2
hcr,2
clo30824,2
ren03800,2
solr5300055,2
005pcdt10,2
otc3200h,2
35a,2
n1416,2
mphsafety285z,2
peachy,2
ll2000,2
dynj04058z,2
non21456,2
totalbath,2
2377046m,2
hashbrow,2
bsn36591,2
julien,2
3mco3564,2
cysts,2
ncl184801,2
gpt26610,2
glucernia,2
pvb012,2
msc10614z,2
wau80211,2
fitultral,2
ken5750,2
msc351420anz,2
mdt821203l,2
provos,2
swd51111,2
tqpcf412a,2
annie,2
msc2333epz,2
mdtiu2tbfpea,2
mdtbt4b55r,2
canalope,2
cure81,2
mup0305,2
dysem,2
bold,2
penn,2
happy,2
surpass,2
otc062312,2
otc252525,2
hdx18010h,2
monte,2
cn625am,2
bmk,2
blt6690w,2
dvy4963331,2
00500312e,2
dial213,2
maxwell,2
hh62g15,2
c9946,2
straberrys,2
rto97,2
fastener,2
sheaths,2
005cr3830,2
soaps,2
bases,2
rir11849315,2
wbm24200rm,2
1560p,2
caramelicious,2
unv08865,2
g9,2
evschem440,2
gl1000,2
non27492,2
lcca525,2
msc094534h,2
amery,2
q5942a,2
lan,2
dynd40992,2
clj6,2
00650904ea,2
ax5grbo,2
voh36205,2
albondigas,2
ren05249,2
sanitation,2
wbm24200,2
pangasious,2
aegis,2
un66020044,2
cornbre,2
kee,2
gpc24590,2
pactiv,2
ferinsol,2
kdl500500,2
l5201,2
msc7012,2
c9278,2
rig,2
mdt219684,2
gpt19375,2
crr102060,2
spred,2
pm1003,2
durapore,2
eddie,2
smokehouse,2
cur9317,2
mince,2
dynd11820,2
kiebasa,2
latin,2
ma,2
manicott,2
30x36,2
2k2153l13,2
spegetti,2
z4824lnr01,2
msc6104h,2
baribr,2
mdtbt5c60z,2
spareribs,2
non21444h,2
junction,2
msc095342h,2
multiuser,2
mdtnc5l19,2
povidine,2
008228101601t,2
fcom320,2
212a,2
213a,2
pgl050tubeh,2
mess,2
dyc1336036,2
msc35141,2
jandec,2
tn540,2
003x20310,2
l62681,2
goj194302,2
sebd2335r,2
yankeurs,2
pgc25026,2
8sj20,2
mds9407,2
non255125,2
calls,2
struck,2
murrays,2
a8077,2
carafate,2
fssc118p,2
hhabspg,2
click,2
rir11767927,2
non245278,2
edge,2
tama,2
homage,2
ge98112,2
creed,2
prt,2
a3226,2
afgn010,2
005pc0411,2
xpress,2
jams,2
dynd80552,2
tote,2
hewce413a,2
msc20162epz,2
kdl6715hh,2
otc089665,2
900fallmat,2
otc091105,2
slt99961,2
c9951,2
c9953,2
mdtcs4m80z,2
00251e,2
safari,2
005crw096pk,2
106r02305,2
eb100s20,2
fusilli,2
ncp,2
amb520611000h,2
dynd80528,2
hb02,2
0055750k,2
evspburn19ha,2
evs4900h,2
tom68722,2
unv08863,2
overnight,2
a6234,2
waves,2
w2488,2
m7468,2
hud,2
a75420,2
sertun,2
unv27420,2
s6bw,2
mir,2
duramark,2
msc094534pack,2
non270102z,2
hcs4510,2
geritrex,2
gpc,2
papaya,2
50xltup,2
lex22109mr,2
006m9000,2
her,2
gelocast,2
sl2432,2
005zip1013,2
cn626am,2
cnm8279b001,2
4dcfn,2
970311q12,2
lyme,2
dynd10402,2
mdtab3b30whi,2
hewcf413a,2
bucatini,2
harmony,2
hil0053407,2
rub638906bk,2
crispura,2
m4850,2
omam111,2
evschem410,2
msc93025ep,2
otc421713,2
otc323393,2
msv601,2
cov77074,2
nonnet11,2
hippremiummh,2
msc5570,2
plr434816n,2
msc094308,2
pvb013,2
swd81882812z,2
non24327,2
mdtbt3c50hosr,2
gluncerna,2
f21013w,2
a0656,2
c9961,2
slope,2
msc09520,2
marinaria,2
mds086004h,2
swd,2
50f0z00,2
bunn,2
klf15341,2
cp3003,2
astro,2
crumbled,2
lawn,2
cte390x,2
22060922x,2
lhr4047hpr,2
e7208,2
mdtbt4b55t,2
sunlight,2
cn108475b,2
hcs4600,2
argument,2
ll4000,2
coi120700,2
infusion,2
coagucheck,2
juicy,2
saniclothes,2
r6344,2
utd66800835z,2
507500b,2
01616j16,2
clo35309,2
f4136,2
caffeine,2
de,2
jerky,2
htp8531,2
mds169024,2
460937sb,2
rhino,2
6025l,2
6025m,2
hex,2
drt47440,2
3mco90640,2
otc04906,2
wf4048,2
hbz6640vnr01,2
churn,2
cokes,2
280a,2
seth,2
312434822b,2
200mg,2
mds195174,2
mphpress,2
mdtnc4j19dz,2
domtar,2
knock,2
drug10cupa,2
010cn0005,2
msc094412,2
herbs,2
msc1610,2
ren06125wb,2
10cc,2
hibiclean,2
hil0080625,2
quits,2
dyc80544,2
washnwalk,2
peppermints,2
rprw1419s,2
crinkled,2
stickiest,2
sltso1790,2
8851jegm,2
8800jegxxl,2
8850jegl,2
8865jegm,2
htp18174,2
astrobright,2
gpt999705,2
cholecalciferol,2
pasty,2
apccc9,2
50101gcp,2
chewables,2
teriyaky,2
v00341,2
17339sbn,2
bu311,2
flange,2
scl23,2
sonic,2
mlk60xlt,2
hck,2
cf403a,2
tidal,2
kend68820,2
mass,2
nonpc,2
49452647b,2
fred,2
23600a,2
sheds,2
c7573,2
3mco90611,2
3mco15302,2
imaging,2
miniature,2
rotisseri,2
destroy,2
top46808,2
24x24x1,2
mdtnc4j13,2
thermovent,2
dynx3104,2
moln282000,2
kend6715,2
3mco90612,2
calmose,2
2206046m,2
meters,2
a8121,2
a8122,2
aims,2
cnsss01,2
mascara,2
cur9225,2
fulton,2
ppr,2
partition,2
pro31761,2
ce505d,2
msc26395,2
unv35264,2
unv80101,2
scl34,2
dx1192a,2
pummel,2
mds046006,2
dlx10,2
h815dw,2
dvy2974618,2
e0595,2
maintenance,2
cl701hk,2
nepal,2
grounded,2
circling,2
s673,2
thu,2
pcpj05,2
signalling,2
mds087106lf,2
mds806300d,2
dmr851332,2
005as861612,2
saljets,2
hewce411a,2
squ401512,2
doy196600,2
nonhdr48,2
8850jegm,2
mdtwc3c14st,2
8850jegs,2
8800jegs,2
8851jegl,2
mdt821204,2
ln135,2
laserjet,2
silvakollagen,2
013t18060104,2
ferry,2
845650d,2
refers,2
blondes,2
ce402a,2
andes,2
rl64931,2
e7754,2
ca306,2
a2204,2
otc040752,2
533lr50,2
msc094502,2
5krd1,2
plr243308n,2
msc0924004uns,2
headset,2
cam000104,2
ft,2
hil0116055,2
h36211,2
squ16821,2
msc8722epz,2
rtg04004,2
phillips,2
004nu012,2
upq3436hs,2
mdtwc3c11hdz,2
msc2177,2
tac,2
moleskin,2
centravites,2
3135r3n,2
3335r3n,2
msc9606ep,2
ramekins,2
bxt5262,2
ultrasoftsu,2
dx1189,2
modalities,2
hcs4516,2
lace,2
bxt001904ah,2
htp18183,2
msc281245,2
swtlow,2
508a,2
hambu,2
hbz4833lnr01,2
otc052060,2
fssc255p,2
rail,2
cb542a,2
unv35664,2
dr630,2
cns002,2
interdisciplinary,2
mds067004,2
f3537,2
dyndx00987,2
flown,2
len,2
cow,2
14oz,2
tomboy,2
scj681022,2
f4139,2
dhd222500h,2
dyc1087969,2
msc095341,2
33113sp41k,2
c5810,2
pebbles,2
utd66800276z,2
a2203,2
dynd80000h,2
l8580,2
f0482,2
ren11500ca,2
dynd11502h,2
kielbas,2
orecchiette,2
htp3806,2
n0633,2
a7945,2
dynd11504,2
poncho,2
cb541a,2
200pc,2
none1565,2
bgc030001,2
kielba,2
pumpernickel,2
prespotter,2
pearled,2
cava,2
incontinencepv017,2
flh166,2
aussie,2
prm214,2
30000241k,2
non153044,2
bc13804,2
2014g14,2
fitplusxx,2
htp7805,2
2206092s,2
mds093917,2
keypad,2
2249046m,2
hewl0s01an,2
hewl0s04an,2
syr103225,2
hcs4504b,2
hcs70004h,2
hcl,2
dtm16k,2
headboard,2
16x16x2,2
roygnf075,2
purc3a9e,2
mds707555z,2
fexo,2
lamisil,2
cape,2
dynd203,2
unv95223,2
mlk6dcfn,2
prm086004h,2
pg2000ht,2
kets,2
mental,2
cp3000,2
87x,2
aus,2
o'brien,2
245e,2
healthy,2
p8528,2
steamship,2
porcine,2
005tbden,2
fore,2
dermave,2
7123p15,2
liberty,2
hardboil,2
msc094851unsc,2
skid,2
005as89318,2
pc160,2
xer106r03622,2
mdtncg2443az,2
pcpis01,2
whi1356179,2
burrata,2
belongings,2
century,2
dym18771,2
ncl028182,2
doy362500,2
mushro,2
angelsoft,2
prm21212c,2
nonzip,2
cri400,2
mp5563,2
emp5300xl,2
x10,2
p3015,2
ortega,2
htp18144,2
hus,2
4266f,2
mnu10464u,2
a8078,2
non25497,2
mdtbt3c55t,2
vtx996,2
fix,2
ph081170380,2
incontinencepf013,2
antifun,2
oxymetazolone,2
cp1711,2
nutrishield,2
entries,2
calmafx,2
00578310zc,2
a510071,2
1289r,2
as42024,2
em150,2
zeros,2
ego,2
a9911,2
hil0354706,2
mdtab3c36stp,2
mdtiu3tef,2
mscedubook1,2
fcd901,2
clnt8190,2
adapt,2
up425,2
rackcover,2
xtrasorb,2
unsalt,2
016clo69150,2
lcca533,2
herded,2
tze1312pk,2
salame,2
sc1182,2
car1062,2
msc7818ep,2
usa,2
maragine,2
016bwk4020,2
crescent,2
00572251d,2
0026239lr,2
ct593bbyp,2
mnk0005h,2
mozerella,2
hewce412a,2
sbsant120tf,2
ade885,2
mmm6549yw,2
c2452,2
dtm400pc,2
dtmpl2n,2
20x20x2,2
taleggio,2
cetaklenz,2
mp5446,2
01080xltinbx,2
hl786,2
v0460,2
hr192,2
d5402,2
suntan,2
placema,2
stud,2
seb83ar,2
nwtwin,2
jml1614,2
dy1113,2
cs600,2
30a,2
hewcf226x,2
msv514h,2
msc26365,2
lex70c10y0,2
crap,2
dermavantage,2
5le25,2
5le21,2
mary,2
precook,2
j512,2
unbl,2
ewave18pg,2
l8501,2
hemoccult,2
dynd30331,2
l25015,2
kinesio,2
backfin,2
gels,2
flooring,2
10112bx,2
teds,2
soya,2
lot,2
java,2
less,2
wandergard,2
non4450,2
mp7093h,2
mpt01,2
pc202,2
pc265,2
unv55520,2
fcom313,2
f9263,2
fcom626,2
pcgf44n,2
evspstrp19bk,2
rochester,2
010rtg04000,2
kdl8820h,2
renavit,2
periprotect,2
nontp85dsh,2
squ175635,2
msc2300,2
pvb016,2
106r02736,2
filled,2
tasty,2
parkers,2
z4833lnr01,2
perogies,2
nonsleevetxl,2
spout,2
sheep,2
enchilida,2
gaul,2
chloraprep,2
cp1719,2
diane,2
mp9001,2
enchila,2
ibuprof,2
syston,2
hunter,2
mdsmr113,2
ent,2
famotidin,2
ibupr,2
cp1905,2
dynd74277,2
ctr000426,2
c4550,2
ivre505a,2
pro6000,2
c4803,2
uwbm,2
clh69150,2
z4824ln,2
babycare,2
tootsie,2
gentile,2
junior,2
10464u,2
004pvb016,2
a8002,2
cetrizine,2
ori,2
mphpress26z,2
amino,2
epsce402a,2
00500503e,2
pg004,2
drawer,2
non0097,2
tristar,2
plc,2
fettu,2
chucked,2
sandwiches,2
giblets,2
shirts,2
comprifoam,2
dynd74265,2
st28,2
lcca568,2
006atas803,2
701hc,2
701hk,2
nwitp15,2
slimfold,2
otc0044091,2
beh424410h,2
edibowl,2
burnt,2
bunhamburger,2
acidic,2
9123f,2
crossaint,2
grenadine,2
rays,2
48032b4bl,2
blender,2
perm,2
chloraseptic,2
identification,2
mds705110,2
unv10210vp,2
steakeze,2
immunization,2
non801779,2
e1534g,2
prn,2
chd48xc,2
cutimed,2
c6398,2
mds708550,2
hyd13440z,2
801a2701,2
804a2401,2
mirilax,2
a81244,2
nightstands,2
figaro,2
sal000909,2
bedrail,2
pgc51046,2
otc00800n,2
mds098003z,2
acc72580,2
nic,2
mds705154,2
msc1528h,2
popups,2
plaid,2
lumpia,2
100mg,2
a545803,2
meditrn,2
padfolio,2
pits,2
riccota,2
w870,2
2424h,2
dtm16j16,2
msc9412,2
rl62725,2
curette,2
303710n,2
administration,2
alimentum,2
nonchd48,2
fssc229hf,2
honeywell,2
partitioned,2
oxymizer,2
a6672,2
enteric,2
cordless,2
infrared,2
23d0012,2
469d,2
a8050,2
nicol,2
roped,2
planters,2
rir12001099,2
talc,2
fitextra,2
cf281xc,2
celant,2
uni,2
ce403a,2
islands,2
bicgbl11yw,2
unv75611,2
dynd16700h,2
mdt82500cs,2
most,2
milan,2
starkest,2
mp5424,2
6000l,2
c4964,2
lunchmeat,2
33118sp41k,2
005rx25,2
01060xltinbx,2
013cpt1832v,2
mlk80xltcp,2
cuppa,2
bicgsf11bk,2
abfsc1152,2
mmmc38bk,2
hewcf412a,2
pl1341,2
otc025237,2
cfu507500b,2
mscadvse80f,2
pvc51,2
eps2330,2
college,2
c9962,2
msc8522z,2
016ss131,2
e5742,2
0026239ly,2
teapot,2
squ413183,2
rapid,2
accordion,2
otc026080,2
sc1152,2
2c741,2
ovenable,2
fellowes,2
1181200777t,2
lcca103,2
lcca106,2
otc044909,2
msc092scsw04,2
trashcans,2
heartstart,2
non25496,2
hhad13,2
non2300,2
speakers,2
debridment,2
stylus,2
kc21400,2
dynd12301,2
mirror,2
sourkraut,2
p0263b001a,2
permit,2
msc9950,2
syrs101272f,2
lice,2
agnes,2
ct280,2
evspbuff20r,2
msc351440an,2
mdtds4m72z,2
mandispw,2
dvy4240626,2
mdt217649,2
shaver,2
tn760,2
mdtsb4c38whi,2
wc121210p,2
isis,2
sta,2
nl368,2
display,2
mp5422,2
shc015,2
pullmans,2
n0442,2
j5989,2
gericare,2
fritatta,2
mines,2
ww,2
stain,2
cantalou,2
frtpnch,2
real,2
ruth,2
enf1203k,2
hin,2
layout,2
8900sa,2
lh334011n,2
lustre,2
h10005,2
cnsbb03,2
cp3075,2
pink6075,2
pink6076,2
seb460r,2
sortkwik,2
disinfect,2
fer,2
genadyne,2
non304046rl,2
otc694059,2
f4135,2
sanitary,2
non24373h,2
neenah,2
400a,2
aft,2
asphalt,2
emp5300s,2
5000k,2
reynolds,2
mds195285,2
needled,2
biofrezze,2
lccars402,2
medisense,2
005pcgf34n,2
z6037mn,2
verdi,2
unv22010,2
unv07051,2
unv35210,2
unv79000,2
lord,2
prm086006,2
a7986,2
mdtab3c34stp,2
serial,2
mdsmr115,2
c4555,2
them,2
laxatives,2
crushable,2
unv10200vp,2
gl899,2
as820,2
as822,2
mp5435,2
unv99005,2
leads,2
c4802,2
mds107015,2
sandi,2
deb,2
npc860,2
magna,2
stockings,2
banger,2
clhf3750x5y,2
msc7348ep,2
msc6455epz,2
kcc01804,2
doctor,2
nu,2
ren12500ca,2
hewcf411a,2
bator,2
verde,2
mostaccioli,2
caldesene,2
floss,2
washing,2
ffs1200,2
scrubbers,2
scanned,2
fcom656,2
1099z,2
500p,2
mmm654yw,2
t650a11a,2
1j565,2
pc4234200t,2
fis3680180t,2
a6144,2
carrie,2
cf363a,2
delta,2
9x12,2
pleurex,2
7138c,2
390a,2
mds136000z,2
otc064526,2
dignity,2
zen,2
barbe,2
buckle,2
cov77075,2
orajel,2
60xltup,2
j0354,2
dynd500,2
msc8644,2
250ml,2
dynd75225h,2
crabs,2
mdtbt3c,2
650ml,2
kernels,2
lcca501nl,2
swd511235z,2
mdtwc3c07st,2
msc9412epz,2
mdt219860,2
right,2
501wl,2
z7660xn,2
61s2054z,2
otc272886,2
wandergaurds,2
626ts,2
kirlix,2
mufti,2
kend9891,2
c2642unvme,2
prey,2
pistachios,2
stores,2
us063073,2
famodine,2
hcs4482h,2
magi,2
rise,2
snickerdoodles,2
hewq1338a,2
acc72100,2
47983blu,2
ap804829,2
r33012an,2
shc037,2
visitors,2
libby,2
4609311bb,2
2371046xl,2
individually,2
mc514,2
narcotic,2
pc1500,2
pc2400,2
tapie,2
mds160888,2
famotadine,2
trade,2
6x5x3000,2
nonnet08,2
cnsrs03,2
dynd71020,2
stabilization,2
505a,2
3653p,2
tough,2
ltd,2
mphst21,2
a8054,2
otc791013,2
0104dic,2
fnx6064p,2
taboule,2
lobby,2
a665009,2
eyelid,2
steramine,2
pint,2
010rtg01001,2
18d50,2
mds096202z,2
00502e,2
wasabi,2
005jd10l,2
otc020479,2
c3864,2
f7136,2
f3484,2
8800jthxl,2
8850jntxl,2
8800jntxl,2
8800jnts,2
spine,2
dynd11762,2
cumming,2
006at40064,2
4700wp,2
basicam,2
manorcare,2
frier,2
a7281,2
mp5443,2
charts,2
reinforcer,2
syrs103253,2
cnsrs30,2
ucxt,2
msc092416,2
medplu,2
ecl,2
dottley,2
aagsk2400,2
fitultra,2
tenderwet,2
mdc0220,2
aed9131,2
gym,2
e310,2
krypton,2
lard,2
a5992,2
insect,2
uhs608,2
non256145,2
cahmlcb4,2
um058836,2
brttze231,2
glucer,2
mp5452,2
c4564,2
j0352,2
p107,2
bc,2
otcm00011,2
h98092,2
gift,2
sunglasses,2
hazelnuts,2
stirs,2
scamb540a,2
mmm2962h,2
goggles,2
xltin,2
assurance,2
simple,2
starlight,2
co2,2
sonoma,2
laptop,2
32510sn,2
e7825,2
algeria,2
hamper,2
hydragaurd,2
regulators,2
e0180,2
reprocessed,2
36600h,2
aspen,2
n2230,2
softguard,2
barthes,2
pgc32535,2
ens116,2
4410imc,2
marbled,2
wheatsworth,2
ballpark,2
unsliced,2
013twc1210,2
r1540,2
produce,2
bakes,2
mdtpg2rsbsta,2
magazine,2
frames,2
rch33303h,2
005ae3108,2
pc620,2
splash,2
logan,2
60xltud,2
glides,2
e1203,2
seb85ar,2
sc11012,2
94101gcp,2
79401gcp,2
wca806915blk,2
k110,2
3860rx,2
cf403x,2
cf401x,2
pgc02034,2
dynd10810,2
010rtg02300,2
pigeon,2
procap,2
cc533a,2
sofa,2
tortellin,2
pizzas,2
6mds195076,2
silverstat,2
bismatrol,2
squ839002,2
b2375,2
uhs8133,2
uhs605,2
unv21129,2
as830,2
dx50008775,2
otc10112,2
salim,2
polo,2
cc532a,2
opal,2
a66517,2
a9088,2
mixing,2
kend145514,2
retry,2
non250114z,2
oli,2
htp8331,2
quarterly,2
intrasite,2
kend9231,2
cur251318,2
33763p,2
msc2104,2
drt24440,2
mdtiu2tdftan,2
dynd50142,2
dishwash,2
6mds195075,2
fields,2
browne,2
hashbr,2
brn1323h,2
hon.,2
provolon,2
detergents,2
k1,2
diarrhoea,2
unv15001,2
molly,2
2094n,2
hydrocor,2
c8086,2
armrest,2
padlock,2
61xl,2
fssc413,2
amputee,2
otc117690,2
otc33350,2
ptinr,2
canvas,2
cv,2
sliding,2
bxt507510,2
9g620,2
hydrocollator,2
composite,2
wrench,2
rl58295,2
ultrasound,2
hb2214,2
moln1439,2
chime,2
microkil,2
hcs4507v,2
expand,2
rl50460,2
fundamentals,2
as330,2
msc8801ep,2
umbrella,2
melinda,2
c8083,2
mds057004,2
prm260202h,2
alternate,2
mega,2
sos,2
stays,2
xpressnap,2
genoa,2
comforter,2
0165l14,2
mp5641,2
mds1702dth,2
wrenches,2
kardex,2
non256125,2
cnswp09,2
quantum,2
spr,2
cid,2
a7983,2
meta,2
mirala,2
msc351201,2
scc016,2
lcca510,2
pop-up,2
reflux,2
mds160648,2
cur095010,2
exhaust,2
mophead,2
wasp,2
mscex77eph,2
tubercu,2
n=5,2
htphb4414bx,2
marco,2
uhs513,2
electrical,2
odorshield,2
uhs8132,2
uhs8126,2
comfy,2
appointment,2
ct593bbbr,2
dysphagia,2
strings,2
msc6252,2
cscmsad4,2
contained,2
eliminating,2
msc26385,2
vac,2
tubigrips,2
condiment,2
tens,2
a8073,2
ce,2
lap,2
sprayer,2
painter,2
coen,2
trapeze,2
reflect,2
mammal,2
designer,2
ge,2
0056560ken,2
masada,2
sweeper,2
nogales,2
non05007,2
t9,2
fans,2
l510,2
vitals,2
hcr48xc,2
winners,2
shelves,2
cars,2
resuscitator,2
fanfare,2
memo,2
erc38,2
65xl,2
coasters,2
roastworks,2
buttons,2
dyndtc5077h,2
disco,2
dynd41471,2
bmg4251611h,2
bmg4254511h,2
006e1200,2
10gal,2
c3851,2
tvs,2
clore,2
malo,2
nacro,2
peppercorns,2
mo99,2
kraus,2
bnd,2
ballpoint,2
unv35619,2
puddings,2
8865jegxl,2
8865jegs,2
epsce411a,2
epsce412a,2
epsce413a,2
otcs0883c,2
msc1044e,2
ww140,2
k110p,2
rats,2
gnpsn203,2
deck,2
wd40,2
pgc,2
tangle,2
craze,2
plug,2
esomeprazole,2
history,2
subs,2
craft,2
clrhng,2
comphng,2
breastran,2
napkinsflat,2
comphinge,2
impulsetall,2
blintze,2
ranchkens,2
ozrigid,2
slicedls,2
galliner,2
pearlbasicam,2
romainechopped,2
controlled,2
countpotato,2
chill,2
americanwhite,2
frenchsilk,2
btr,2
linkraw,2
potatojumbo,2
sugars,2
skinandhair,2
gout,2
pattycooked,2
scramblemix,2
touchsuction,2
patty3x1,2
nat,2
bananayogurt,2
meatfranks,2
hingedcontainers,2
cleanplus,2
legmeat,2
servicetowels,2
dicedpotato,2
freepasta,2
borderfoam,2
pass20,2
burgerlettuce,2
linkscooked,2
liquidegg,2
rollwheat,2
basecran,2
foam12oz,2
andcheddar,2
gravychicken,2
topwhippedtopping,2
greenleaf,2
trayticketlaser,2
juicepet,2
piecookie,2
celerystick,2
withtop,2
cutpotatoes,2
cups7oz,2
berryyogurt,2
brownsugaroatmeal,2
forinhalation,2
creamandonion,2
creampacket,2
bathsoap,2
and12,2
tartarsauce,2
bakebeans,2
buddybars,2
namebadges,2
skinrepaircream,2
gaypatches,2
chickenstrip,2
greenfresh,2
woundwash,2
forfoam,2
loinfresh,2
mealmix,2
friedbeef,2
foam6oz,2
muffinbatter,2
andhaircleanser,2
cktail,2
cinnamonroll,2
nametagwithmagnetbacking,2
10pc,2
creamstick,2
andtails,2
hrreport,2
disinfectantspray,2
bathtissue,2
pepperfrsh,2
softtissue,2
blendcheese,2
mixedfruit,2
nutritionaltreat,2
beefcab,2
balltips,2
pp,2
roastedcorn,2
krispys,2
saltchip,2
hoo,2
juice31,2
canlinere,2
patty7525,2
parmigiano,2
bostoncream,2
lemonmeringue,2
surprise,2
shields,2
tealipton,2
tipsbeef,2
ckdsma,2
beefhas,2
woundflush,2
cheddarsliced,2
yellowshred,2
teaconcentrate,2
thighmeat,2
mlwater,2
mixlettuce,2
hvs,2
pattyfresh,2
ouncelid,2
cereals,2
montjack,2
decafcoffee,2
chocolatemix,2
fajitastrips,2
puddingpack,2
roastedtomatoes,2
shreds,2
valencia,2
tealids,2
buttercrack,2
foam16oz,2
finisher,2
louisrib,2
potatoesfries,2
creamscoop,2
juiceshelfstable,2
stylerib,2
laserbadge,2
dicedonion,2
cocoamix,2
garlicbread,2
wovensponges,2
cappanspray,2
beanblend,2
crinklecut,2
rawfoil,2
chocolatechipcookies,2
eggpatty,2
toppingsugarfree,2
freewhip,2
apter,2
dicetomato,2
vegetableoil,2
bodyshield,2
chloride5ml,2
pieshells,2
feedingbag,2
sausagepatties,2
buttersandwich,2
shellcrab,2
fajitameat,2
sodiumgravy,2
croquettes,2
meatpulled,2
roasts,2
14fold,2
juicedrink,2
tendersraw,2
brand,2
whitechicken,2
8pccut,2
andflush,2
slicedham,2
potwedge,2
icebox,2
scrambleegg,2
iceless,2
floreticeless,2
cheesedress,2
americacheese,2
deansausage,2
saladnogrape,2
tempsanitizer,2
puddinginstant,2
shredched,2
juicethick,2
cottagecheese,2
creamvanillabean,2
bowlmop,2
groundcoffee,2
glutenflour,2
pegcorn,2
clipped,2
chainswitch,2
freedrink,2
collectionset,2
creamsan,2
oil1000,2
forsalads,2
porkribs,2
compress,2
mashedyellow,2
hamburgerplain,2
baseveg,2
smokedsausage,2
freevanilla,2
fruitpie,2
breastskinon,2
mintpie,2
bones,2
ozfoambowls,2
ouncesouffle,2
creamcreamer,2
juicegrowers,2
servicefoil,2
pod,2
creampistachio,2
chickennoodlesoup,2
cobs,2
chesspie,2
carrotsfresh,2
freejello,2
sourchicken,2
potfresh,2
reserve,2
yellowslice,2
branmuffin,2
cornchicken,2
fashionedoats,2
dutymayo,2
inserttray,2
tomatoesfresh,2
saucepack,2
bird,2
hood,2
drainbags,2
ticketpaper,2
juiceconcen,2
spicetea,2
teabase,2
teapouch,2
potatodiced,2
foldnapkin,2
madly,2
butterbean,2
baselowsodium,2
dumplingsoup,2
potsalad,2
forstewmeat,2
d31000iu,2
boats,2
upside down,2
mixlemonade,2
baseturkey,2
toastedoat,2
linear,2
calcans,2
oftheforestpie,2
doughbread,2
urethraltray,2
clothe,2
knightpouches,2
breadslice,2
slicebread,2
innercannula,2
freegloves,2
gallontrashliner,2
baseclam,2
elim,2
thickenedtea,2
pepperfresh,2
krispiestreat,2
moi,2
anglers,2
wedd,2
roastedpotato,2
pepperhummus,2
braisedchicken,2
mic,2
cheesecrumb,2
pistonsyringe,2
liptherapy,2
cleans,2
oxydetergent,2
lorraine,2
browntriangle,2
skinpot,2
fraiche,2
dicken,2
liquidoil,2
shredcheese,2
andcauliflower,2
cl,2
drainsponge,2
fliers,2
duty,2
marymix,2
withspike,2
testkit,2
copyingpaper,2
ribscooked,2
countpotatoes,2
tomatosoup,2
safetysyringes,2
creampacked,2
montereyjack,2
triovegetables,2
desserts,2
res,2
proquaternary,2
131x,2
storagebags,2
sl,2
vegetablesticks,2
pec,2
urineremover,2
breastgrilled,2
50count,2
groundbulk,2
graduatedcups,2
mozzcheese,2
ricecereal,2
integrity,2
sharpecontainer,2
juicebag,2
lechecake,2
nuticecream,2
virginoliveoil,2
breakfastcup,2
meatdice,2
punchdrinkmix,2
onlabels,2
andlocklids,2
romainelettuce,2
creamchip,2
brownpotato,2
scrambleeggs,2
icecreamcone,2
cutgreen,2
cakeyellow,2
andsourpork,2
tomatofresh,2
peelgarlic,2
breadmuffin,2
jacks,2
andsoothe,2
breast3oz,2
wholecarrots,2
cup8oz,2
drpeppersyrup,2
eggbnb,2
itflags,2
flowsheet,2
skinrepair,2
55523bamd,2
based,2
whitebeans,2
lemonwater,2
foamborder,2
cartons,2
controlbox,2
andchon,2
at,2
sodiumchickenbase,2
galloncanliners,2
creammaple,2
ozs,2
eyeofround,2
cheddarshredded,2
creamsandwiched,2
extraag,2
creampecan,2
breadcrumb,2
crunchbar,2
breastsliced,2
honeynut,2
ouncepapercup,2
chocolatechips,2
butterbar,2
celerysoup,2
pullons,2
shack,2
fryvege,2
potdice,2
kneekits,2
digested,2
westvegetableblend,2
coffee-cups,2
dreamcake,2
seal,2
roulade,2
chopbrd,2
cyan,2
sodiumbeef,2
measures,2
bopper,2
techassignment,2
insulation,2
ag6x6,2
wholebaby,2
rug,2
removerkit,2
crumbfish,2
chunkcookies,2
hotbalm,2
shabby,2
comm,2
prepwipes,2
dryersheets,2
liddough,2
toppingmix,2
sausageroll,2
mustards,2
reddiced,2
clothwipes,2
talker,2
greenpaper,2
callcords,2
handlecup,2
pancoating,2
tabdividers,2
934p,2
oilsoap,2
infirm,2
tedhose,2
beefdeli,2
cornnugget,2
sud,2
noon,2
andlock,2
whitecup,2
lineadapters,2
hardcook,2
rainshampoo,2
potatoecasserole,2
baseminor,2
sa,2
grainpenne,2
nogrape,2
doughsugar,2
skinnedpotato,2
boxed,2
fruitie,2
muffinbread,2
breastflat,2
wildricesoup,2
bladerazor,2
garlicvegetable,2
reliefcream,2
servicegloves,2
tinfoil,2
syrupsugarfree,2
keylimepie,2
beersyrup,2
carrottop,2
ricepilaf,2
grainspaghetti,2
berrypie,2
tenderraw,2
chocolatecream,2
sausagegravy,2
baseliquid,2
goldpotatoes,2
gingertea,2
breastcooked,2
roadicecream,2
felling,2
largewettask,2
cheeseshred,2
applebib,2
sod,2
ondeodorant,2
smithapples,2
breasttenders,2
breastfoilwrapped,2
halfandhalf,2
parmesangrated,2
boileggs,2
grapetom,2
twins,2
aidkit,2
lamp,2
prensa,2
potatobaked,2
chocchip,2
16ounce,2
greytea,2
charlesvegetable,2
charlesveg,2
dairydrink,2
crustedchickenbreast,2
bensrice,2
beeffc,2
sugarcookie,2
creamsugar,2
ozcontainer,2
velvetcakeroll,2
bonelessskinless,2
na,2
15cal,2
vitaminwithmineral,2
downketchup,2
puddingcups,2
polishsausage,2
fixture,2
cabbagerolls,2
pumpset,2
d5,2
freepunch,2
dietgingerale,2
9ozbowl,2
removalkits,2
bucko,2
soften,2
potatofried,2
bruleecheesecake,2
frysteak,2
wrappork,2
bail,2
legalpad,2
caredefendfoam,2
romautility,2
oxide400,2
mote,2
woodblinds,2
ringbinders,2
15cartons,2
puncher,2
doughlids,2
tamer,2
pielattice,2
mixgravy,2
salinewipes,2
doonecookie,2
foamcontainer,2
cherrydrink,2
zapper,2
pastrysheet,2
andbutterpickles,2
beanitalian,2
compfoam,2
stainremover,2
withbeans,2
inchfilm,2
puddingcup,2
peaswithsnaps,2
ouncebowl,2
airconditioner,2
foster,2
doughroll,2
defenders,2
gum,2
eyed,2
flakecereal,2
creamspumoni,2
creamrum,2
cakeicecream,2
baricecream,2
hourreports,2
ofpot,2
braisedporkshoulder,2
sandwiched,2
cutfry,2
apartrolls,2
friedstea,2
measurement,2
porkbeef,2
skillednotes,2
allow,2
foam12,2
slicer,2
friedrich,2
stops,2
pecanpie,2
andhalfcreamers,2
setupbag,2
es,2
creampacks,2
telephoneorder,2
alginatewithsilver,2
go,2
roastgravy,2
handlesponge,2
dairycreamers,2
tomatobasil,2
calendars,2
scr,2
butternutsquash,2
racks,2
insulinsyringe,2
bleachwiped,2
mood,2
cornshrimp,2
beveragenapkins,2
skincream,2
parmesancheese,2
lanceplus,2
aides,2
trough,2
sulfate325,2
dcs,2
receiptjournal,2
anddum,2
steelpolish,2
foambowls,2
dogchili,2
inchwhitebinder,2
nailclipper,2
15carton,2
horns,2
wind,2
herepostits,2
whitebinder,2
blugloves,2
freecook,2
noodlewide,2
labs,2
blendcapri,2
stab,2
beersoda,2
saladdressing,2
potatofrench,2
vanillacream,2
crackerpieshell,2
brusselsprouts,2
all-purpose,2
wayradios,2
mediumgloves,2
zing,2
tempdetergent,2
creampeach,2
tracking,2
picklespears,2
saver,2
invisibletape,2
saltseasoning,2
porkfritter,2
blackbean,2
fruitjelly,2
roa,2
grainwildrice,2
buckets,2
creamscoops,2
eyepea,2
safetylancets,2
sugartopping,2
fittedsheet,2
fluffroll,2
khakixl,2
breastboneless,2
rolltowels,2
pepperseasoning,2
releasespray,2
cup10oz,2
sproutsfresh,2
limecheesecake,2
cutspringveg,2
cuporange,2
fruitdole,2
dressingchangekit,2
cornchowder,2
healthcare,2
nephew,2
ski,2
cardholder,2
whiteamerican,2
medicineplastic1ouncegradwlip,2
times,2
nutritionaljuice,2
joeseasoning,2
mustardmonarch,2
closurebandage,2
stapleremover,2
toner26a,2
toner80a,2
flakedcrumb,2
angletop,2
juicepackets,2
pastasalad,2
min,2
orthosis,2
withfaceshield,2
foldtowel,2
pecancoffee,2
wedgecontainer,2
sugarsubstitute,2
subpink,2
ahoycookies,2
sweetpotat,2
toppings,2
cheddarjack,2
meringpie,2
foodcolor,2
creamcookies,2
fumarate,2
breastpatty,2
pressurekit,2
monoxide,2
spillkits,2
ofconduct,2
bluefolders,2
crustpizza,2
mixvanilla,2
blueangle,2
ears,2
gun,2
ofconsultation,2
directive,2
support,2
potlid,2
pepperdiced,2
closures,2
processor,2
toiletseat,2
ozsausage,2
beerbib,2
thickpackets,2
nectarthick,2
brace,2
pails,2
soundgel,2
bedsheets,2
swirlbread,2
tabfolders,2
carrotfrozen,2
buttonlancets,2
binderonetouch,2
pressuremonitor,2
steelscrubbers,2
creamrocky,2
forceps,2
printerpaper,2
sandstone,2
creamsnickers,2
cutsheets,2
bluegloves,2
blanks,2
sugarpacke,2
killer,2
trach6,2
dynd11756h,1
wcpp1000,1
dda30,1
ld50,1
dda40,1
brullg,1
brulxl,1
5210pg,1
1224oz,1
dda20,1
fcp2336,1
uncrustables,1
ap0730,1
8888dotp,1
8887dotp,1
cofmat,1
ap0740,1
ap0720,1
au50,1
lindbergh,1
msc092sbw08,1
dynd80419h,1
gpt19880,1
purlif,1
gpt24590,1
ren11500,1
sps,1
dynd11758h,1
dynjaahme,1
systrnz,1
8812nb,1
bariactric,1
infinity,1
afrc,1
dynd4058,1
dynd11778h,1
15351x,1
v00331,1
p684,1
dynd5014,1
8886dotp,1
rl64356,1
eggbeater,1
dynd11760h,1
kcp02000,1
dis,1
baa116,1
sp,1
8813nb,1
linde,1
utd66801067z,1
utd66801068z,1
hh304314bl,1
53cz4,1
ecostick,1
valugard,1
ultrasorb2436,1
frqupv517,1
darfarm,1
braided,1
viking,1
24c18,1
8811nb,1
hdxi8010,1
tt,1
seasorb,1
ik90322lf,1
23x14,1
005606d,1
otc012413,1
chpog,1
mediseptic,1
kend3332,1
dx11988714,1
55544p,1
cilandro,1
hr404812n,1
awp80250,1
non27120h,1
blz78200,1
w1419s,1
sunbeam,1
e4922,1
1014e,1
refreshed,1
521x08,1
w867,1
eggbeaters,1
nonxpw36x,1
isoform,1
pvc514h,1
little,1
noncrpxc46xh,1
n0548,1
w8765,1
gpc48580cs,1
mds087104lf,1
united,1
rto45,1
bkdlays,1
e6362,1
16ppath,1
dynd11782h,1
3mco90642,1
p1446,1
marquis,1
lindberg,1
d8488,1
shx60,1
msc1133f,1
mds7587h,1
mlc22196h,1
bax2d0735x,1
wjhy1728,1
a8515,1
carribean,1
mutton,1
fg100m,1
fijita,1
met,1
010as385,1
a0663,1
mds136000h,1
hcs4515bh,1
257dn,1
ultrasorb3136,1
smartshape,1
nonpbm8,1
orchard,1
latent,1
004crb014,1
12sl,1
kdl8860,1
004crb013,1
herz8048wkr01,1
dynd80454,1
016lp100,1
3037rx,1
brulmd,1
y914,1
bd320119z,1
340lp,1
mc03h,1
msc095320h,1
dynd11780h,1
005ts4487,1
tearback,1
processed,1
newman,1
aloevesta,1
mnu80001,1
00500142d,1
snglefold,1
extrasrb2336a,1
msc281264,1
8814nb,1
international,1
padhv,1
msc092mbl08,1
alkali,1
lr4048125k,1
non26444,1
squats,1
00500288e,1
dynd80460,1
ptxr0159,1
stratosorb,1
100089im,1
evschem910,1
revpc58168bk,1
016goj211808,1
powerpak,1
2342dj,1
f4142,1
dynd48982,1
fitright,1
asb3036,1
travis,1
dynd10724,1
denrado,1
dd,1
009pcccs,1
dynd11784h,1
msc7022eph,1
00500315e,1
cult,1
anniversary,1
w675,1
mds096513hp,1
521x10,1
ghf3394,1
nu0131,1
48930gcp,1
dynd11764h,1
declog,1
northwest,1
hr334016n,1
reynold,1
swd773621,1
0053601k,1
dynd11095h,1
non25442,1
dynd10407,1
npkc,1
agiag1039642,1
ham162016,1
magnacare,1
70074a,1
ren06146wb,1
cornichon,1
hcs93250h,1
004crb017,1
extrasrb3036,1
squ324609h,1
ar,1
non24327rl,1
006at3136,1
mmm,1
non26801,1
hcscm007l,1
18x24,1
mds086003cp,1
scrubzz,1
otcotc56295,1
non022225crl,1
hud1865,1
016goj440604,1
briar,1
msc33005,1
mds096513,1
msc2077,1
ent693sfoc,1
010211530s,1
hil0010904,1
party,1
msc2066eph,1
521x09,1
msc281271p,1
brine,1
drake,1
deal,1
goj516203,1
mnu8000,1
18x2000,1
hcs64377h,1
005pvb0608,1
washclotes,1
palomilla,1
87601gcp,1
45501gcp,1
22101gcp,1
qmom16gcp,1
kpctsw,1
mettwurst,1
squ401575,1
msc097030h,1
mono,1
kdl3411h,1
intradry,1
114a,1
goolsby,1
mds6802,1
dynd20302h,1
lehmann,1
h30010,1
bxt4873a,1
328446z,1
nonunna14h,1
sfa,1
cramb,1
mds087003lfh,1
hcscm007m,1
exceed,1
gmt,1
fitliners,1
squ022767,1
tampons,1
00660001ea,1
steakburgers,1
uncrustable,1
lavalosso,1
march,1
0691c2,1
bishop,1
amsas127,1
n0550,1
msc351231h,1
004up072,1
pac101188,1
otcotc76503,1
ren02466,1
allupak,1
pavillon,1
dsfw25,1
msc1133fz,1
pgr3339xb,1
bd672,1
707168e13,1
h12010,1
aim,1
skincred,1
010saso676,1
002602b,1
cluster,1
epst200120,1
salonpass,1
non27236xl,1
d1738,1
goj965712,1
0054008tc,1
powders,1
stc,1
kend55523bamd,1
nonpxc47xxh,1
snapit,1
lsr3858xw,1
3500n,1
mds046003,1
4254yel,1
pepperon,1
wildbry,1
nu0121,1
529968r,1
ts4487,1
z2,1
squ413176,1
non21446z,1
bushes,1
bcp,1
wilma,1
parried,1
belong,1
ops,1
0883c2,1
crg00129,1
scratch,1
boardwalk,1
britta,1
chem,1
and7800xl,1
004pv,1
012qt,1
royalbrite,1
mada,1
rl58253,1
npkp13472z,1
dermase,1
48xc,1
40hc,1
r0059,1
otc10101cs,1
nonzip810z,1
unv10252,1
00500297e,1
nonhcr47stb,1
non21425,1
004958b10,1
sbestcf,1
octagon,1
gp42008,1
supersoft,1
013fpsuvsge,1
ren06201al,1
grocery,1
x502,1
x503,1
x504,1
beltless,1
kd1022,1
revpc46100bk,1
c5284,1
mds087004,1
msc2377epz,1
barpick0116h,1
otc873601,1
utd66020043,1
fbc1030,1
mds096166h,1
utd66800279z,1
htp18014,1
peptamin,1
otc20101cs,1
otc788069cs,1
boca,1
tis,1
lmnade,1
rir12001899,1
nontgg46xxh,1
otc82071,1
nonzip35,1
sunburst,1
kdp3036c,1
ren06002al,1
200iu,1
clj6190,1
6x6x3,1
mdt24supradps,1
dynd80217h,1
gp55404,1
gp21008,1
msc263854h,1
q85084,1
hil0100904,1
hil0101904,1
lh334016n,1
n6592,1
non254,1
noncrpxc46xxh,1
non24373,1
dynd20325h,1
mindful,1
addipack,1
m4872,1
l32v,1
msc2244epz,1
otc020110,1
46092214s,1
bene,1
crr102062,1
scamk520,1
scamk520a,1
diphenhydraminetab,1
rac89346ct,1
msc346000a,1
f9433,1
msc86400,1
3mco90641,1
hewce278d,1
kut68941,1
005as115,1
kings,1
thirst,1
ren26016ca,1
as332,1
016goj519203,1
002pc10111,1
hcr62stb,1
toothete,1
glen31815,1
fg100xl,1
youth,1
g803940,1
34x12,1
fg100l,1
otc07118,1
0055003g,1
002pc10121,1
bxt65651395,1
1167b,1
mmm2866,1
can20301mn,1
tiramisue,1
relating,1
q26501,1
goj191602,1
squ401524,1
dynd11754h,1
htp18102pk,1
msc2033eph,1
otc067005,1
008z15,1
e9638,1
hc325s,1
32tj32,1
hr434822b,1
freedom,1
cabs11l,1
sabervipbh500,1
carraklenz,1
htp85811,1
mc03hbh,1
mcphotopaclip,1
ssf51,1
dynd70642h,1
musenex,1
nlg400,1
chd40hc,1
002ab2a,1
mdtwc5c16s,1
urological,1
genaton,1
pgr2432xb,1
z8048enr01,1
zpc2200h,1
hbz4824rnr01,1
prm260001hh,1
grid,1
pmr,1
3mco3571,1
netchoice,1
maj006311,1
msc6444,1
prm21444h,1
f4674,1
l4016,1
ceti,1
nonhcr48hb,1
16lcd,1
draft,1
otc020020,1
multidex,1
revolt,1
4048tmh,1
bariatrics,1
df622,1
hil0010604,1
goj884203,1
scooter,1
pro31763h,1
ptx503060,1
004pv923,1
016ln2094,1
htp14706,1
bgd463,1
ham104406,1
27x37,1
16j,1
dy4271,1
cur8107h,1
mds138010,1
rir11850299,1
int,1
completed,1
53afp3,1
bisocodyl,1
mdt219703,1
mdtut3c17whiz,1
wsl3339xhw,1
evschem,1
swabcaps,1
prm21454z,1
hcs4516bh,1
utd66020044,1
mds2585,1
40ct,1
miller,1
dynd88235,1
fitextram,1
prm25495,1
kc91592,1
otc000901,1
carefusion,1
smell,1
msccb1816,1
21408c,1
mds032280,1
mariana,1
4514s,1
mds096065a,1
rch36301,1
0673c2,1
wog,1
w300815,1
gpc28706,1
wa06000800,1
sk503350,1
ge70301,1
m7886,1
clamp,1
mexico,1
beurre,1
gmt6602,1
dy1316,1
awp80779,1
otc56460,1
otc26158,1
msc1266z,1
400iu,1
mdq22335,1
majors,1
crw096pk,1
non03009d,1
der31535,1
tj0912a,1
hrdbld,1
bruce,1
ce260a,1
150mw,1
enteralent773662,1
orfsbdg03,1
mds21461z,1
vending,1
00662711ea,1
dynd10722,1
2x35,1
veto,1
squ411492,1
simplythick,1
wellness,1
dynd70292z,1
mdt84180b1,1
non304046,1
enf1200k,1
caulilini,1
prm25492,1
savage,1
24lc,1
800b,1
san65800,1
ger20101,1
absorbent,1
siligentle,1
f075,1
3mco90021,1
gj518603,1
mds19207,1
gj1905,1
pph434816k,1
880n,1
incontinencebrbc013,1
16c7,1
01413bkgm,1
mdtds4m81,1
005pca,1
polyethyne,1
005pg004,1
005pcpip100,1
pgc32987,1
e3480,1
diakon,1
htp8724,1
rac76938,1
compartm,1
swd3030,1
glucosimine,1
simithicone,1
tilipa,1
otc035,1
cope,1
kolaches,1
16c18,1
rootveg,1
9822epz,1
1312z,1
00011h,1
grille,1
b5218,1
16pasl26g,1
004up048,1
aqrb38a,1
013tbb226016,1
l500dietbgndyl,1
0020bb,1
coi7912h,1
p23,1
sealers,1
roastwork,1
yk1pm,1
starburst,1
drt00199,1
mmm37506,1
mg100xl,1
kemzyme,1
moln295300,1
squ401577,1
lex50f1h00,1
hewcf283a,1
otcs62912,1
gpc20389,1
3mco90702,1
4100n,1
g839560,1
w206,1
msc281236pz,1
suretemp,1
interdis,1
hard251506,1
kend76000,1
rakes,1
012qt1011500,1
can20291mn,1
593bbyp,1
c8013,1
98101gcp,1
12u16,1
mlk8dich,1
agiag2000799,1
florastar,1
doy284300,1
prosources,1
simethecone,1
yankauers,1
aspircreame,1
d9538,1
d4380,1
n2852,1
borden,1
n0906,1
1125ds,1
05x,1
33mc,1
otc11008,1
marenara,1
grater,1
ingredient,1
roasting,1
soupsalad,1
fmw4,1
idosorb,1
otc109,1
mds087106lfz,1
syrs100227,1
cscclnpr8,1
ptce278a,1
positioning,1
lean,1
hewc8767wn,1
non25212h,1
htp18176,1
lc75bk,1
331wf,1
loratadin,1
2433rx,1
ssk51,1
sss51,1
emze01000,1
9151050p,1
exoderm,1
vienne,1
stimuli,1
002abc6,1
8889dotp,1
qcom10,1
pc2000,1
pirate,1
scatm1616,1
mb10823b,1
hr3860,1
f20609w,1
mds089004h,1
mlk30ped,1
ptx504070,1
icebr,1
providence,1
otc063012,1
otc18201,1
hbh6036mc,1
3mco3570,1
mds202070,1
ptx100856080,1
msc28207,1
msc351410anz,1
dync8552h,1
iis6402805,1
msc64610,1
marzeti,1
sway,1
016goj539202,1
marcel,1
cantolope,1
pele,1
otc700619,1
otc3210h,1
a6039,1
016cb610795,1
torit,1
nonunna4h,1
seb78ajr,1
msc281150,1
bxt5262z,1
calms,1
msc092b06h,1
otc700628,1
rt6dic,1
bad,1
telepia,1
blister,1
jazz,1
dvy5002689,1
dearborn,1
mdtfs4,1
hcic98000028,1
dp6575,1
mec37226h,1
w69317,1
otc010006,1
blkeye,1
condensate,1
htp15804,1
supplyway,1
bet0771200,1
app1710004,1
sazgvepmd1c,1
currant,1
016pa220,1
evschem230,1
mds9713dmv,1
al55302,1
dy4861,1
un4204,1
hcs20039z,1
gmt6405,1
160c,1
msc095001,1
wa05075005,1
blizzard,1
squ175768,1
msc094604h,1
critic,1
005sd175,1
butcher,1
dx5831151sy,1
s334016nk,1
manacotti,1
f7078,1
ibspb675675,1
mb572,1
gelintin,1
nle100585,1
nai6507,1
squ324809,1
vega,1
t33113sp41k,1
eds51105,1
febres,1
bancroft,1
utd59715100z,1
mdtwc8b24t,1
epscf400x,1
crr107010,1
pg019,1
non081440z,1
evben92z,1
006185801ea,1
g9744,1
dvy04965,1
msc9303eph,1
cnm5204b001,1
vppcsp,1
uhs102,1
jamwich,1
heartzels,1
mazola,1
gpc16880,1
itd02282,1
decaffei,1
dy4848,1
dy4719,1
dy3493,1
ge74101,1
ge74201,1
al55303,1
ren64516ca,1
989803e11,1
sweetex,1
alfalfa,1
sangria,1
maxie,1
ren02502,1
app12508wb,1
ren03051bd,1
spa710612,1
straddle,1
non270202z,1
costanzo,1
00550e,1
010r0039,1
scf13dde841,1
dynd52132h,1
bmg4253540h,1
goj422748,1
msccomf1816,1
g9540,1
2235r3n,1
tenderized,1
mickey,1
udi,1
bxt4872b,1
surepreps,1
spa700,1
non2780,1
dvy5104714,1
dates,1
dvy5891789,1
gpc28124,1
unv08864,1
broitt1316dz11,1
hil0047406,1
diabet,1
evapor,1
f3154,1
n6594,1
52228612b,1
bf306546,1
salopas,1
h362,1
h11110,1
acidopholis,1
im51401514,1
rto190,1
powrade,1
12lb,1
c4398,1
pvc513h,1
mmm1583h,1
f3365,1
fg3002h,1
utd66000714z,1
squ40152,1
squ41318,1
cfufm2600h,1
hydrocollators,1
childs,1
mlk80xltinh,1
msc98812ep,1
river,1
mmm6306an,1
squ411804,1
as871,1
002pc10270,1
shampbody,1
mltd111s,1
sirynge,1
probioti,1
dynd11520,1
mds1372066csh,1
spa4716,1
pmi007,1
clairten,1
seb55xr,1
unv96244,1
msc095490h,1
bd32951,1
emp5400l,1
mmm5122z,1
roundabout,1
brillo,1
3mco3566,1
3mco15303,1
syrs103225z,1
shortenic,1
slop,1
smd73264,1
2f7113,1
ptx504060,1
dynd11501,1
msc351210,1
wrapping,1
goj880503,1
bc07512,1
bc31504,1
otcotc095501,1
plr434814n,1
stabilizing,1
h24110,1
mdtds4p81,1
005ba331,1
005tb,1
005pcgf44,1
a0700,1
013fpcsdt3xhg,1
mds160648h,1
dynd40540h,1
dynd70000z,1
slimroll,1
00653534ea,1
010rtg03004,1
g7194,1
map131150,1
wwf,1
tms332502tmca,1
mds6803,1
np3260,1
duraview,1
cps3130,1
rec79196,1
cttk1142,1
pap4621401,1
rac77182,1
brttze251,1
unv81002,1
red8l808,1
6jlnv,1
vntvppcsph,1
fag,1
msc2133,1
bsn21050,1
spzmop85,1
um021003,1
uhs532,1
efp976405,1
whi1418629,1
handsanitizers,1
24x,1
pasteuriz,1
usap2436es,1
010rtg02214,1
010rtg06000,1
fleur,1
5831318sy,1
msceqcpl1816,1
raison,1
e6452,1
sealed,1
013knt368415,1
4a7044,1
prm25498z,1
rm950bxl,1
rm951yxl,1
a6145,1
60xlti,1
crd10351,1
2c878,1
gentex,1
j704,1
6j4,1
ct650,1
pavilion,1
932xl,1
can20289mn,1
atrium,1
0111248s,1
as130,1
dynx3454,1
longwood,1
dynd10350h,1
sisters,1
125pcg,1
0165si16,1
1584s,1
ralston,1
162880c,1
unpeeled,1
e0590,1
smd10339,1
680sh12,1
sdj7990550,1
dynd80532,1
vausche,1
7200n,1
a2449,1
msc095012h,1
assured,1
moisturing,1
non0301,1
kend55544bamd,1
kend3601,1
mar41,1
risaquad,1
ag103964,1
mdhdis,1
wncpc,1
swd511235,1
msceqbal1816,1
dfl124tbw,1
mlk80xlt,1
tywc2150,1
can20290mn,1
utd66020016h,1
4dicfen,1
rl62701,1
rl62705,1
uhs180,1
9448ep,1
f6t84an,1
msc09830,1
t650h11a,1
cf283,1
dx8385,1
hci913,1
40101gcp,1
gpt19885,1
squ401522,1
msc9422eph,1
mmm15301z,1
rm951mxl,1
mdtht8c45z,1
dynd10805h,1
a2456,1
9351jegm,1
8800jegxl,1
mdtiu3tefpn,1
davison,1
mmm1584h,1
016ln158,1
penny,1
underpadding,1
16pbsl23g,1
innopak,1
e5737,1
e5739,1
mphb9vz,1
maragerine,1
100077im,1
froth,1
fre,1
msc2703,1
ren16004,1
kolache,1
mdt211218ba,1
956050b,1
6mds192075,1
clsm8b5,1
tnc3285,1
hil0081625,1
016goj2156080,1
dvy04531,1
bt224460p,1
amplify,1
121max,1
gc8029b,1
5p1031,1
53crm4,1
hh70g15h,1
orfsbdg01,1
applesauces,1
colombian,1
skinteg,1
non2144,1
cdr,1
htp8485,1
puffed,1
satins,1
tostitoes,1
dottleys,1
manifesto,1
bolognese,1
bmgr500101,1
unv12115,1
m2303,1
salonpaas,1
mds066003,1
mc03hb,1
pierre,1
s242406n,1
010as373,1
092450a,1
mmm3582,1
e7827,1
q7553a,1
msc282030lbc,1
mdtps4b05fpy,1
03p5650,1
bl77a,1
002501501b,1
0106cfs,1
zinfandel,1
sierra,1
mds708550h,1
c9349,1
005tp,1
htp8462,1
gsc72302,1
c7454,1
otc564959,1
prm21312,1
240p,1
l2704,1
835n,1
incontinencepv094,1
bovine,1
otcotc42915,1
tease,1
sunset,1
shs3339011p4n,1
af315,1
hr2424,1
shallow,1
mhga018,1
goj312708,1
331t,1
mdtwc5c16scre,1
lhr2424hpr,1
8607l,1
z4833rnr01,1
otc00840,1
15aled50k,1
msc351230,1
2377092xl,1
24dec,1
27347x,1
swtplus,1
medals,1
land,1
dx40008714,1
smd10347,1
cnm6514b009,1
dynd10723h,1
otcs078803,1
bbivaluwhite,1
3mco90613,1
dynx4264,1
cavicide,1
dx11968714dn,1
msc64812epz,1
msc3241,1
ilb38,1
mf2001,1
8dicfen,1
005ww710,1
majesty,1
boboli,1
tqpcc364a,1
tqpcf413a,1
45252key,1
521358bb,1
40x,1
msc095390h,1
offer,1
jervty,1
0305p,1
n6544,1
00662713ea,1
peril,1
2033ep,1
48034b4bl,1
erie,1
285asel,1
ave23075,1
spa4803,1
jwp04743,1
wau40311,1
mdt8450,1
dynd36605h,1
fitultrasm,1
ali711255,1
pinned,1
ptd56g,1
mecdi,1
af79,1
cn628am,1
0098j8,1
005mp9001,1
cf401,1
cf402,1
nc868,1
smiles,1
dr38791,1
diabetishield,1
mea06622,1
mdtbb2b11r,1
80xr,1
dynd11020,1
a9901,1
norm,1
100019im,1
non4135,1
mnu10064h,1
doy186200,1
utd4210h,1
npkq85084,1
msc092108h,1
nonpbm800,1
mds2503,1
ranitid,1
calmazine,1
suppose,1
carb,1
biodegradable,1
default,1
msvicki,1
platemate,1
im51125266,1
otcotc18501,1
dia039,1
oct,1
bwk188,1
004apv20,1
m2863,1
smnu,1
49452640b,1
rl55897,1
rotation,1
ll4154,1
pap10150,1
dvy95773791,1
wiwax,1
250w,1
dvy5104950,1
surewrap,1
msc1104,1
mdtpc4,1
ptc073g25axxx,1
hcsu4516s,1
thickenup,1
low-density,1
dining,1
9445ep,1
dynd80565,1
dynd50211h,1
dynd50216h,1
sbsazu1l,1
pakerhouse,1
cfucc10,1
fasteners,1
004pv9231c,1
005h20601,1
623a,1
otc50150,1
scamb578,1
ale260884,1
rl64796,1
swd511201,1
dynds1500b,1
epc410,1
e3028,1
c5830,1
005pick0100,1
h5966,1
roseli,1
foccica,1
amsas870,1
dy2183,1
dy4249,1
con14400000,1
ge55101,1
honeyed,1
1r4023,1
goj968224,1
cpc26012,1
cimetidine,1
bacteria,1
culture,1
suave,1
metamu,1
kntwaffle368412,1
mds9410,1
excilon,1
scf26dde835,1
glucosmine,1
victron,1
abo,1
imitate,1
jojo,1
fitliner,1
js760slss,1
8537sa,1
fel75901,1
sge6513,1
zip69,1
2066epz,1
mds89664lineh,1
caviwipers,1
mds89664liner,1
47944whi,1
187101a,1
pc0411,1
pc0606,1
gemini,1
250mg,1
nonchd62stc,1
005110b,1
01018600kit,1
msc263950,1
wonders,1
utd6020044csz,1
rantadine,1
mds094186,1
htp79402,1
fngr,1
manocotti,1
otc004064,1
pvcm214dfp,1
hum008,1
swd225119,1
kdl9232,1
hors,1
heroin,1
tryon,1
vlrh13110,1
nffac014,1
mmm2084cs,1
a6050,1
enchilidas,1
tyclsr2432xc,1
dykd10022a1,1
brdfol0101h,1
jip111702900,1
kc01247z,1
peron,1
crasins,1
slw3858shk,1
htp7815,1
non24356,1
rprw1216s,1
shrebert,1
mg100lh,1
guests,1
ultipro,1
webcol,1
012qt10125,1
unv20748,1
ave05780,1
mhr243308c,1
msc090472,1
whoopie,1
f1802,1
cpm,1
mds705154h,1
tilapal,1
msc281227lb,1
otc036374,1
coi1967h,1
bred,1
carpi,1
gpc26480,1
z6037lnr01,1
oceanspray,1
bevelled,1
211a,1
210x,1
4x4s,1
wlz64938,1
autoshe,1
famatodine,1
mdsbreathe,1
hud03700,1
mdtfallmatg,1
sns57232,1
quickables,1
77512xn,1
hba6043pr,1
50xltcd,1
50xltcp,1
otsa1um,1
gud24ess,1
hvn410073,1
scw104826,1
frosty,1
posits,1
cappucc,1
anise,1
msc7048,1
gatorad,1
l3516nh,1
06200e,1
mds926107,1
ren05648,1
activate,1
5ngj4,1
45pf61,1
softnfresh,1
map135100h,1
hydrocorti,1
mdtpg2rtssnoz,1
coagusense,1
glucogard,1
msc9544epz,1
threaded,1
msc095310,1
msc09454,1
dy6929,1
dy4222,1
kd87085,1
mej40913,1
al55304,1
jwp990653,1
6599n,1
elasto,1
sra5702f36,1
30000213k,1
c0086,1
n0904,1
p7840,1
farmhouse,1
ahi,1
tritip,1
unnarite,1
pcad05,1
0354110m,1
psy8197l,1
mlk70xltcp,1
sp140l,1
non026320,1
myp81200,1
qua37897,1
athens,1
dtmpl4n,1
mlk7d,1
mmf201450004,1
dy4260,1
kal,1
arizona,1
shampoos,1
ship,1
virginia,1
tc4705,1
spa7106,1
pgc38015,1
ren03051,1
awp80725,1
gpt47046,1
collecting,1
ame224,1
52x75,1
precision,1
ren14535ca,1
mscadvpe80fh,1
otc00601,1
f3982,1
otc58958,1
otc00003,1
swd202020,1
snackwells,1
dtm24j16,1
012qt1011100,1
a2441,1
521358bo,1
479746bo,1
placematt,1
hunte,1
aspagus,1
mscadvc280,1
2c739,1
mphpn315z,1
hsk626h,1
ribber,1
55oz,1
msc097032h,1
um021006,1
hydrocollide,1
1065ep,1
rutabags,1
deesma00011453,1
641rb,1
cornea,1
cuccum,1
htp19252,1
14f,1
hypoallergenic,1
mdtwc,1
0056120k,1
washcl,1
edam,1
sebe,1
intermatic,1
g10,1
unv20971,1
unv20435,1
unv35616,1
alphahp,1
rub6141,1
a23187,1
a6041,1
florist,1
chimichurri,1
1416c,1
t8999,1
w2668,1
msc281230,1
t1732,1
squ022760,1
tqptk3102,1
sauerkra,1
g4934,1
m3817,1
baa01201617,1
a4914,1
4201pg,1
sfm9000,1
jj4150,1
kc9529,1
hcs70004,1
hud0034,1
security,1
f381,1
prong,1
x11,1
androids,1
ce262a,1
ce263a,1
non256001z,1
npwtv3007,1
surprep,1
bard,1
prevent,1
rto306,1
nonchd40x,1
nonchd48x,1
9dkv4,1
syr130010,1
e0587,1
3jmj1,1
cglidepad,1
conch,1
45oz,1
cheeseburger,1
c9947,1
50mg,1
dynd70100,1
simethicon,1
c6269,1
chunky,1
riddles,1
spinning,1
ren06181wb,1
hud00640h,1
camarena,1
shitake,1
liquacell,1
cottee,1
006911e,1
006b450a5044,1
mds066004,1
barry,1
ravilo,1
mdt821203bl,1
00610464u,1
quintet,1
sukarno,1
emasis,1
c400,1
005381512c,1
016goj545104,1
016goj450248,1
cn627am,1
18x18,1
unv10204,1
unv43128,1
mltd105l,1
hydroco,1
mdtab5b41stp,1
reseal,1
focacc,1
non21442z,1
nonchd,1
rl56585,1
1vn22,1
lmk61208,1
cantiloupe,1
scooters,1
spa7004,1
ren12500,1
ren11005,1
greenware,1
252xl,1
tffo005,1
hil20026,1
hil20019,1
hil20020,1
shileys,1
zita,1
pene,1
e6584,1
swi35108,1
biatain,1
005bp14,1
n2742,1
dentifrice,1
g3907,1
2177ep,1
russ,1
mdtsb4b37nanr,1
piz,1
mett,1
fallmats,1
ragu,1
9548hp,1
49153oat,1
75fhxl70,1
t60c,1
non801779h,1
tqpce412a,1
106r03620,1
rl62681h,1
antiperdeod,1
swd5111,1
msc9544ep,1
otc066016,1
tenderly,1
kdl67093,1
nacl,1
qua24550,1
dim,1
hbrs2520,1
goj528702,1
otc777012,1
otc070310,1
dyn1185,1
703c2564wh,1
nourish,1
otc564898,1
fitextraxx,1
superabsorber,1
gl92,1
spanpl8035fp29,1
balmer,1
c9960,1
amiens,1
hbz8648vnr01,1
jo4277285,1
otc564010,1
hibiclense,1
dynj07254ah,1
cpi436094616h,1
c8643,1
bmg4252500h,1
bunyan,1
dynd10160,1
marine,1
unv20822,1
fol06239,1
fel00789,1
mmmms85b,1
6432b001,1
mp5429,1
90x,1
told,1
toi,1
g824167,1
generation,1
g811367,1
whitened,1
mlk30,1
baa010026,1
baa010030,1
swd433500z,1
ic12j7534,1
non25853,1
led11wbr30840dimg8,1
pktframe,1
dtm16ftls,1
160t,1
prm254198,1
147001246m,1
2c5641,1
2n8399,1
cushioned,1
mhga009,1
hydrion,1
otc53101,1
hr3037,1
bizhub,1
a2213,1
mb10859b,1
non255015h,1
squ125330,1
prm212,1
im14203,1
im503325,1
otcotc073206,1
non154046,1
non8000h,1
npwtv3008,1
incontinencegr2190,1
dk120200lf,1
214ufao,1
seb49ar,1
102gen,1
prm21416,1
mdtwc5c12sr,1
c6606,1
a8516,1
e2998,1
mds8086h,1
4005kakwxl,1
005rd,1
h8046ac,1
r4046,1
b1792,1
zegerid,1
write,1
a5035,1
polyethlyne,1
supplena,1
flattened,1
sack,1
g5392,1
hm807,1
100002im,1
msc095382h,1
rights,1
005dynd15200,1
pc0211,1
a5305,1
bxt474500,1
f8053,1
goj369112,1
hosbed1000,1
9351jntl,1
mmm1624,1
doy186600,1
alltemp,1
l8405,1
kdl7643z,1
non05005z,1
cur47315rrbz,1
36x58,1
a0638,1
htp18403,1
stop1099,1
tze243,1
conv401514,1
rutabages,1
fibrocol,1
mds093945h,1
otc0673c2,1
msc09506,1
msc09240,1
mow101246,1
penk437a,1
cb540a,1
3mco3346,1
3mco1586,1
msc2610,1
veglene,1
mal,1
hewch563wn,1
hewc9363wn,1
sabervip,1
hewcr314fn,1
5643en4,1
hangar,1
mnt614,1
ultrasorbs,1
upmd3030,1
m42,1
lex20468gn,1
f3421,1
macao,1
epcrdt11216,1
msc092b06,1
mphpress26,1
kc91552,1
lbr2423hc,1
fightback,1
hebrew,1
dvy04705,1
g1918,1
incredicrisp,1
55sa1010a,1
hil0017906,1
hil0080725,1
lh24246n,1
zap,1
cent,1
beignet,1
kcc01080,1
ren02544,1
dynd80419,1
otc413102,1
toothett,1
ave11129,1
ren13315,1
ren23314ca,1
otc961,1
goj519203,1
msc7344,1
advill,1
dynd52130,1
lidacane,1
buenos,1
tn750,1
stirred,1
otc080905,1
mk530a,1
home403,1
hcs00550h,1
grannysmith,1
dummy,1
seaweed,1
dentures,1
autoclave,1
01080xltin,1
torkadvanced,1
purlife,1
8800jegxxxl,1
matte,1
utd66801069,1
utd66801070,1
fx,1
epscf210x,1
rm951cxl,1
fergus,1
omepresol,1
msc7044eph,1
msc3266h,1
htp8616,1
htp14904,1
htp15603,1
doy185500,1
rl62713,1
squ401527,1
squ411360,1
squ411362,1
squ411806,1
squ401503,1
squ175772,1
tubifast,1
1skreshdbkpa,1
hcss4516hf,1
non250318z,1
sahlins,1
primavera,1
pcad04,1
78809hst,1
cs11,1
boa,1
hcshme1s,1
9x9x3,1
013up3436tw,1
ccb703187,1
bwk6150,1
l3343,1
econogel,1
gluecerna,1
dynd500ml,1
benecal,1
mnk0089,1
tbbd9800,1
non21451,1
performa,1
emotions,1
logo,1
footboard,1
mscex33eph,1
012qt1011250,1
szm00313,1
blob,1
squ421040,1
pvb0608,1
dermasepti,1
doy3511,1
rdm,1
ch563wn,1
ch564wn,1
mdt221203,1
25mm,1
dc610sn,1
dc1216pset,1
kend3560,1
kend3623,1
glen31012,1
lobe,1
2306046l,1
2c6425,1
514lf,1
dynd15207h,1
mscex66epz,1
g803146,1
skittle,1
3mco90614,1
49205bei,1
gpc27300,1
aspeercreme,1
c2718,1
c9900,1
10210vp,1
smd75560,1
san25025,1
pdc50501213,1
lex70c10c0,1
pl,1
bile,1
20j,1
applesacue,1
vermont,1
c9954,1
popscicles,1
ivr83049asel,1
wbm28110rm,1
brttze221,1
dec32,1
medistrips,1
ambubag,1
mdtwcg2443bz,1
mdt218325crac,1
msc9766ep,1
nednc,1
biofree,1
00293e,1
dynx3501,1
dynx3103,1
49205spe,1
702c2574ih,1
fantastical,1
ewave18pb,1
sudogest,1
ctdr400,1
404615h,1
warewash,1
23061031xl,1
2356046s,1
22491031l,1
2249046s,1
190211255m,1
hydraphor,1
cnsbb01,1
ghf3328,1
huds20059z,1
mds086003y,1
ross56431,1
ross54844,1
swtcst9502,1
burge,1
4a5044,1
rip,1
18ppj,1
24ppj,1
30mm,1
msc2404,1
shldr,1
26ar,1
szm00312,1
coi1964,1
00662671ea,1
psy6301,1
cl100,1
002pc10230,1
htp8342,1
mlkssv,1
non260503,1
kielbalsa,1
22x44,1
leglifter,1
csoxr9x2s,1
04120ph,1
tbbl99100,1
traycovers,1
a0807,1
ivrd3460,1
pap89466,1
a4343,1
consume,1
bro20348aa,1
plr243306n,1
plr366014n,1
500mlw,1
70xltcd,1
htp8468,1
l3344,1
pruitthealth,1
8622ep,1
reflector,1
mds707308,1
ct593bbp,1
b5,1
lined,1
temple,1
coase,1
microdots,1
enchilda,1
elements,1
sft40dl835rs,1
choir,1
mozzerela,1
dynd30212h,1
2j1215,1
gloss,1
hickory,1
plt42e,1
165tp500,1
jwp04578,1
or80,1
otcs0674c2,1
non260301,1
scp284090z,1
darts,1
triumph,1
spun,1
44101gcp,1
63106gcp,1
as42020,1
dcc16j16,1
as42022,1
led10p30sd27knfl,1
schweppes,1
jwp100823906,1
h4092,1
rotellas,1
otc467801,1
hibicleans,1
12sep,1
004pl115,1
8035t,1
pcgcc10,1
u770,1
hewcc653an,1
squ416472,1
rl62088,1
msc8744eph,1
msc8522h,1
msc861x8epz,1
ayt5003gh,1
cur253220h,1
cur253220z,1
dynd40580h,1
htp3703,1
htp8754,1
msc1044eph,1
msc7012eph,1
pva,1
unv84630,1
dx5300,1
tortilini,1
fit700,1
doy284100a,1
mnk1244,1
msc095368h,1
a6614,1
zrytec,1
sharpwriter,1
nontp15,1
gerichair,1
706a,1
013tb2260,1
ducolox,1
l500dietbgndyxl,1
002pc60120l,1
00500261e,1
gl710,1
m4197,1
dtm605tp,1
juvin,1
non25600sz,1
outlets,1
v00347,1
cf217a,1
form409,1
d1884,1
nontbden,1
g0391,1
t310,1
record,1
201d,1
chd40xc,1
passy,1
ray,1
cur250381z,1
updrafts,1
swd833210,1
swd77510,1
a0894,1
msc2204,1
mwdup09ae,1
mmm81210p,1
butterflies,1
escallope,1
campbells,1
otc33267,1
msc281227,1
msc092534un,1
goj975712,1
aro956050b,1
tychr386019b,1
satsuma,1
mscadvve80fh,1
vegan,1
dynd80216,1
pf6731,1
pf6741,1
pf6751,1
6mds192076,1
dermaklenze,1
005350b,1
2k8004,1
as861616,1
sloan,1
e7829,1
283x,1
bwk6202,1
linguica,1
c8084,1
efferent,1
apccc5,1
goj921212,1
z7660hn,1
k13,1
reliable,1
carolina,1
diphenh,1
diphenhy,1
52234562b,1
non21,1
acidophilic,1
mdt2112182xih,1
mdt211218mih,1
505ac,1
winch,1
acidophlus,1
j703,1
sustain,1
fomotidine,1
lxt600,1
selsun,1
kcp04460,1
115508n,1
hp820,1
marvalosa,1
27664w,1
sp1010,1
lex20469gn,1
80235s,1
jj2015z,1
2144ep,1
asthma,1
camtray,1
durastick,1
kinesiology,1
probitic,1
23h7509,1
lysine,1
hud1885,1
ct3302209,1
msc0924,1
bmg4253523,1
aqucel,1
msc282050lb,1
squ416419,1
glucenra,1
msc1523ep,1
05ar,1
hcs00350h,1
htp7331,1
qua90020,1
hewch564wn,1
epst2001,1
mmmr33012an,1
staglo,1
thermolabe,1
wi,1
wi2846,1
bel4000,1
biblch,1
san30072,1
c5109,1
mds096571,1
16f,1
colo2041,1
55544b,1
lh303710n,1
encompass,1
pomodoraccio,1
unv24113,1
msc4124,1
syrs100255,1
lc713pks,1
htp3764,1
virexr,1
fiberacol,1
glycolax,1
cp3076,1
3500k,1
opthfoam,1
opthifoam,1
reclaim,1
494522bp,1
095935a,1
dynd11780,1
prm26020,1
ultrabulk,1
mph4560z,1
sweetheart,1
mmm3344,1
mmm90801,1
8800jthl,1
9351jnts,1
cellerate,1
8800jntxxl,1
tetragrip,1
900jntxxxl,1
boavida,1
bet09186610,1
goj190302,1
f4137,1
non03010barz,1
ent200l2,1
e4319,1
planners,1
2410wca,1
blow,1
parse,1
00572183d,1
006912e,1
led5e12b1127kf,1
culottes,1
tqpcf210a,1
elegant,1
cunt,1
dynj089003,1
marx,1
stuffings,1
pgc57446,1
seabass,1
ar818,1
tangerines,1
ren06001wb,1
ren06104wb,1
hud1810h,1
mmm1583sh,1
p35,1
a0182,1
hil42220,1
normlgel,1
hml67022,1
013fpcsdt3x,1
seltzer,1
htp3706,1
mds10474,1
a3860,1
towelett,1
scalpels,1
005hb,1
005sc,1
009s5,1
4728kakwxl,1
mdtfb4b20pon,1
saw,1
msc092534pa,1
msc6016h,1
meats,1
jumper,1
l6662,1
c8200,1
reuse111sc,1
incontinencepv517,1
gr2190,1
swd225307,1
non022208,1
coi15606,1
76110sgn,1
a2442,1
iodsorb,1
wytex,1
351410an,1
shs3339011,1
pph4348,1
mb10828b,1
mb10859,1
479708bo,1
479748bo,1
ang,1
undergarment,1
mds160628h,1
otc265211,1
syrs100185,1
dynd74030h,1
nonpc1001z,1
14720046xl,1
55036csr,1
nuiron,1
rbu311,1
33118q41k,1
non2452,1
maxim,1
mlk50,1
mds032280z,1
europe,1
dynd80455,1
2249092s,1
rinsefree,1
516lf,1
antipers,1
primaguard,1
2249080xl,1
suc,1
hewl0r98an,1
6514b009,1
qua43362,1
suppleme,1
mds09620,1
added,1
msc8544z,1
dyndtc5081h,1
dynd15200h,1
hdtv,1
hbh6639hk,1
479708sb,1
ave8462,1
drank,1
4jpa6,1
30x,1
modudose,1
53766084b,1
l3506nh,1
21208c,1
3mco90023,1
mavis,1
ww810,1
ccp2sw43c,1
12fr,1
noncxb36h,1
s218x16anc,1
dtml24tn,1
40kj60,1
6927m,1
hcr40hc,1
h2001,1
tycvlh404816n,1
106r02307,1
acidopholus,1
brttn450,1
polysaccharide,1
dyn3552,1
dyn4229,1
roygnf07,1
non03,1
ivop224h,1
pro31761h,1
msc094424h,1
der31535h,1
hep27857gn,1
dynd74260,1
165ft40,1
246xl,1
hdw51506pfdmz,1
mds160604,1
mds10700,1
msc1200,1
msc1723,1
msc8722,1
cprm1126,1
claritan,1
6lpc,1
adding,1
winder,1
2123p12,1
rl64803h,1
3690hh10,1
xer106r02736,1
tqpcb436a,1
c8276,1
dynd802,1
tqpcf411a,1
sandbags,1
53767072b,1
bar012001h,1
non8000,1
004pf016,1
a2217,1
mdsm3acuffl,1
hcs7000,1
insult,1
prosour,1
cpi436094,1
20x,1
tb1830vb,1
goj528602,1
clh68832,1
evschem450,1
nonhcr62,1
cher,1
492256bl,1
hhwsh,1
wandergaurd,1
dynd70102,1
sf8t5cw,1
gc9a19dim830gu24,1
zatarans,1
perimeter,1
brttz251,1
j1302,1
r2482,1
010r0059,1
005665y100,1
webril,1
eps51b1000,1
ham104612,1
kd1215,1
effortless,1
hewf6u19an,1
paring,1
ricoh,1
hil20025,1
birch,1
spa102412,1
clo31478,1
spa7003,1
spa7009,1
goj5186,1
doctors,1
mediterr,1
prilesec,1
005dyn3059,1
shah,1
hem,1
102n2558s,1
e6436,1
polyet,1
smd14934,1
acapellas,1
5pt96,1
1506ds,1
mds7584,1
mds7586h,1
liquishield,1
cur110556h,1
hcs4600bh,1
c8933,1
mdt2176,1
cakerie,1
mdtpg5rtsdem,1
mscadv1780f,1
tk3122,1
meclizi,1
resour,1
swi74440,1
swi74854,1
polygrip,1
mltd203l,1
q2612,1
105l,1
unv80102,1
mmm65324apvad,1
salicylate,1
016goj5451,1
005dr3879,1
0052c6891,1
cf403,1
021616ahasg,1
ngoc,1
halpern,1
mds7587,1
rtg01050,1
waterpitcher,1
016ss125,1
010ck0005,1
ari,1
hhsp1000,1
revie,1
unv36301,1
sauag,1
mdt219783,1
glissando,1
bxt3222,1
syrs103215,1
dynd75223h,1
broadside,1
008195700801t,1
non042003,1
linpc1000,1
2430150ea,1
nac,1
hep21866aa,1
knob,1
trenches,1
st01,1
staylock,1
pike,1
aust,1
bkdlay,1
tamarind,1
gfrst20w,1
binding,1
htp18016,1
mds090780z,1
mds160688h,1
mec37224h,1
utd449600h,1
a8079,1
a2443,1
olivers,1
non082043,1
2vew2,1
eds27656,1
mds192074,1
msc9502,1
evancare,1
non25524,1
dynd15210,1
dynd80535h,1
e0588,1
mdt218560dz,1
rt141,1
mck85072820,1
im508478,1
243308n,1
otcotc074201,1
otcotcs0801c2,1
enteralent30064,1
w69318,1
108pc,1
7471lf,1
washbin,1
18h24e,1
extended,1
ce261a,1
sheathed,1
rutabag,1
wishbone,1
32phw,1
unv35211,1
unv36102,1
004apv30,1
0093f,1
lalechera,1
sanditizer,1
msc09538,1
shoecover,1
mb4046hna,1
295400b,1
lbr3858x2b,1
skpn7000,1
100797e13,1
splits,1
a1484,1
twoca,1
w2708,1
actuators,1
49021neut,1
powerstrip,1
herh8053tcrc1,1
penbk440a,1
c2p19an,1
oblong,1
102sn3c221s,1
langostino,1
hil0108355,1
lp4089,1
bkfst,1
dvy04743,1
goj882203,1
mdtpg3rsbdemz,1
50w,1
ballcock,1
dap,1
evspsbuff1420,1
mdtpg3rold,1
hc8800jwnxxl,1
mdtheatlabel,1
dvy5283038,1
dvy04578h,1
mdtwc8c24t,1
aspri,1
jules,1
005gl1000wp,1
msc8301,1
msc8303,1
crr107080h,1
nonlv200tlxl,1
mdtpg,1
00572253d,1
0022102s,1
004pl1001,1
hoa,1
210a,1
hep23960gn,1
watergate,1
hy120,1
dc1182,1
granite,1
7012ep,1
transulent,1
um600146,1
fruitdish,1
escape,1
lightbulbs,1
hh70g08,1
005p850a,1
006pro3000,1
sgr,1
mds13600,1
mds160668h,1
otc042553,1
sklcf226a,1
eb100sks10,1
debrisoft,1
bendrly,1
dynd900,1
ptx001674,1
ptx526070,1
mds136700,1
c3328,1
ren66016ca,1
scj680073,1
h8478,1
hcstic8,1
um027104,1
jnctnboxkit2,1
otc07430,1
otc00029,1
annan,1
cia,1
460933sw,1
0058534c,1
00110bb,1
pomarola,1
1225b,1
andoullie,1
a3878,1
otc58948,1
otc58968,1
mdsa80210,1
belgium,1
squ125259,1
gri450096z,1
bxt471702,1
otc90501,1
albon,1
multifol,1
forum,1
ren08050,1
goj545604,1
mmm23163,1
f9g3n,1
spa311004,1
lipc1000,1
dy3602,1
tst3504,1
alta,1
snowflake,1
pgc21459,1
simon,1
amsas136,1
kd1225,1
de00258,1
evee92fp12,1
telera,1
nonplt257,1
usl,1
stench,1
gherkins,1
escallopped,1
t8775c,1
belcola,1
tanaka,1
brasso,1
unv15704,1
mmm6200k12,1
pmc05062,1
san80001,1
ave30603,1
nonhcr33m,1
san38201,1
dykd1002a,1
mp5445,1
drtpro3000,1
rh33304,1
013tb2050,1
78310zc,1
0056602124014ea,1
solaris,1
hw518,1
k858,1
111max,1
mm650fb4280,1
sra5722f36,1
e6583,1
e7430,1
mocks,1
ren11004ca,1
con14200000,1
jml9210,1
ge84101,1
dy3614,1
dy3494,1
dy4865,1
kc33594,1
sfo32841eco,1
blxb8552h,1
sebreeze,1
lemande,1
nonsleevets,1
lager,1
omni,1
bicgsm11be,1
tetley,1
brtm231,1
otc42067,1
permant,1
a81243,1
mucin,1
plea,1
ent6006m,1
swd833110z,1
hud00340h,1
wonderguards,1
similar,1
52x80,1
45ty74,1
cpi436067216h,1
oust,1
msc351420,1
l3000n,1
armour,1
collared,1
mdt218325tanc,1
cur251390z,1
3858x5b,1
a683,1
160mg,1
32w,1
mdt9190c1,1
625p,1
purocol,1
irragtion,1
suplene,1
rubberbands,1
htp14309,1
mscadvve80f,1
non27410el,1
non25502z,1
otc040330,1
clst6190,1
pvm9179sk,1
gie18gsh,1
gsd3300k,1
poppers,1
tywc4410001,1
80xltcp,1
a617100,1
uhs220,1
uhs114,1
caregivers,1
367281z,1
calizim,1
dtm16,1
ccb484970,1
broad,1
ferric,1
stethescopes,1
as861,1
shur,1
whoo,1
hero,1
utd66801307z,1
sandihands,1
psy8197m,1
non4420z,1
dykd100s2,1
schulstad,1
triangular,1
urincheck,1
hons72ab,1
hiliter,1
acetyl,1
hcr243311,1
chessmen,1
712c2520ih,1
sw,1
ascend,1
111s,1
unv21870,1
3230r3n,1
crb0141,1
bicwoetp21,1
mltd103l,1
msc1605z,1
1174hh,1
cur250330z,1
msc8544,1
fcom321,1
fcom314,1
mdtbt5c10r,1
78410z,1
mdtwcg2443az,1
burritoes,1
spiking,1
tibi,1
dvy05699,1
ncr,1
windsoft,1
olm100017imz,1
otcs0801,1
pj4326,1
006at50064,1
dx,1
emma,1
mds195186,1
lortadine,1
pmph10205,1
mr335060,1
mdt211216,1
622dth,1
msc095420h,1
e6235,1
dtm14j16,1
msc263830,1
hotdeals15,1
confectionate,1
squ650422,1
enhanced,1
unv20742,1
unv10201,1
vacaline,1
epsce403a,1
nwitp275h,1
utd59714100z,1
wlz64938z,1
lorantadine,1
20k368415oh,1
20mfpc,1
dt7095bp,1
h20711,1
dx5831318sy,1
non25499,1
fitultrar,1
app13111,1
marshmello,1
gelato,1
molas,1
sat,1
c4861,1
z4833rn,1
cr,1
nonpl1n,1
nontgg39xh,1
non100pc,1
azvhxs02z,1
nonsleevelt,1
hh70g02h,1
tyht2150001138,1
thickness,1
mdtfallmatb,1
vpobadger,1
16108e,1
22oz,1
810wh,1
damp,1
mds2584,1
maxima,1
mp4950,1
coi11196,1
swd303000,1
popper,1
thunder,1
ffs635,1
nits,1
kerly,1
5000iu,1
scot,1
ibprofin,1
a6049,1
danie,1
a571204,1
a571205,1
dx43008714,1
nffgn032,1
otc1044,1
nxt406989,1
g6,1
swd433500,1
squ418000,1
mds9515,1
amb520611000,1
msc098114,1
hci921,1
cp1807,1
parboi,1
c4316,1
nowt,1
as41012,1
wm2jc,1
seb42ar,1
s2810,1
curettes,1
alumina,1
mdsnotouch,1
prongs,1
hers,1
tywc2150001190,1
mmm2962,1
utd66800954h,1
tiramusa,1
glide514,1
glides512,1
hcs93500h,1
rl58303,1
non4420h,1
craisens,1
wncpf6,1
mutt,1
witness,1
otc0120c2,1
mds13900,1
coi10035,1
coi11856,1
msc9845eph,1
squ839261,1
kdl8820,1
halogen,1
113gen,1
will,1
z8048vn,1
hcr37,1
ravaolis,1
provolne,1
mien,1
ren06133wb,1
tacos,1
ren02815ms,1
spa4786,1
hoigie,1
moth,1
decalf,1
yay,1
reuben,1
ren06109,1
fabulous,1
eds76311,1
jobs,1
004pc2336a,1
p61,1
60001u,1
midget,1
mozzareli,1
enjoy,1
sweetlings,1
mdt217620,1
otc0600002,1
dynd15203h,1
squ413167,1
htp8815bx,1
coney,1
alaskan,1
m5071a,1
epsce401a,1
mx425k,1
playing,1
00500500e,1
gardute,1
unv20706,1
ds100a1,1
essential,1
buttercreme,1
mdrahobt150mt,1
mph17cd410,1
mozze,1
dragon,1
2cut5,1
mozzerrella,1
ducks,1
hud04000,1
jalapenoes,1
6r3026,1
msc092204,1
trattoria,1
mrtneli,1
002ab3v5,1
005fol0102,1
006pro1000u,1
heelzup,1
unipatch,1
otc4010,1
cur253590h,1
crr101059n,1
holster,1
msc1065eph,1
bgsdcs01,1
thank,1
005as85014,1
waterproof,1
3135r3b,1
solonpas,1
cur47399rb,1
otc09851,1
msc281229c,1
otc402501,1
fractured,1
mdt823630,1
brdfol0101,1
utd4490h,1
non256125h,1
nonunna3h,1
dynd141016,1
mies,1
goj882103,1
specie,1
c4031,1
rtg08002,1
sputum,1
pc465,1
a4303,1
finesse,1
w1,1
z8048mnr03,1
hc8445winel,1
hc8445winem,1
hc8800jwnxl,1
evapora,1
bromine,1
hydrocolloide,1
dms117,1
mdtnc4j19,1
mds806560,1
sthetoscope,1
593bbmf,1
diphenhydramin,1
exude,1
guardian,1
swd570121z,1
lab,1
nebula,1
mpt02,1
rt650h41g,1
mdt219800d,1
285a,1
a0810,1
ct255x,1
1471210542x,1
modified,1
fcom600,1
mds9125,1
fcom619,1
prm25444h,1
msc2399ep,1
sasmltd103l,1
unv43118,1
ivr37600,1
ivr61029,1
crb0131,1
970xl,1
h1960,1
baileys,1
spp,1
renalcal,1
sccac02,1
lidacain,1
doy283300,1
cetiri,1
clotrima,1
prm2550,1
rolling,1
gpr22,1
precaution,1
cxc23l,1
diphenhydr,1
20x30x1,1
sebm251bxr,1
handsanatizer,1
mp5426,1
cccm7681xx,1
why,1
seb80,1
cacti,1
pfx17174,1
dbdomeprazole,1
rktr51411h,1
msc09253,1
molicare,1
formulas,1
non27457,1
tze1312,1
dccy7pftpk,1
hp32a,1
11x17,1
hasp,1
e2584,1
as384,1
deodorants,1
a8567,1
a2448,1
mdtsb4b37celr,1
9435b001aa,1
hep23570aa,1
menudo,1
msc9644,1
compo,1
prosci,1
281264lb,1
7022ep,1
mittens,1
6647wf,1
dklda2,1
crr101023cs,1
uhs230,1
spirometry,1
breathcall,1
quickable,1
19660715z,1
zip912,1
hbz4833rnr,1
eds51051,1
c4182,1
unv81012,1
rgfb66ag,1
2359314lf,1
a61710,1
e4726,1
npbmaxn,1
sten,1
purachol,1
gob,1
tybt4410001216,1
bxt5251,1
jwp4963331,1
jwp903844,1
pgc48147,1
uwexl,1
gsd3360k,1
gie18gshss,1
gud24essm,1
gud24es,1
poop,1
15x17,1
16pasl30g,1
twizzle,1
2794n,1
sound,1
otcs0661c2nl,1
otc370194,1
pmph14001,1
mds093917h,1
mds0890114,1
dyk1011q,1
doodle,1
camtainer,1
jamaican,1
wbm5012520,1
lei,1
cri4012cf,1
msc095374,1
mdt211218r,1
mp5584,1
056406a,1
mds098715h,1
2c6519,1
gpt89440,1
denis,1
goodsense,1
astrobrights,1
glas,1
inkjoy,1
poodle,1
use,1
tn720,1
unswe,1
tc8704472,1
sro,1
years,1
enzykleen,1
hutch,1
652p,1
mdtiu3tcfpnk,1
compressors,1
otc082906,1
rspb,1
l3509nh,1
mdtiu7seiblu,1
non30232b,1
calmoseptic,1
msc282035lb,1
pressboard,1
f2938,1
33j893,1
5ngj1,1
g2678,1
6kjc4,1
4ch64,1
24pp98,1
johnson,1
prebio,1
otc78916,1
folly,1
mds160844,1
metamuc,1
melato,1
mdtbtg2443ez,1
non022245c,1
chromium,1
unv13521,1
ag615473,1
squ404018,1
unv56300,1
unv28068,1
r1001a,1
top4161,1
unisolve,1
unv30730,1
16ms1,1
mdtbtg2443,1
saber,1
sf155b,1
baba,1
peptam,1
c8369,1
32lb,1
shrfo56nd,1
cucmb,1
shcac04,1
beefy,1
cnm3480b005aa,1
ham10500,1
ivre410a,1
cpc26012ea,1
gmt6680,1
marainara,1
upholstery,1
hud20069h,1
snuggled,1
484402z,1
rotties,1
bahamas,1
fm,1
parson,1
margari,1
midland,1
sr2a5d,1
selfclosure,1
voh12005,1
sk102010,1
dy5604,1
dy1309,1
dy3021,1
dy4847,1
ge91136,1
ge9sbis12,1
kdp2336c,1
kd85121,1
con14100000,1
c3854,1
dooley,1
serenity,1
3581g,1
g20vw,1
msc095020h,1
fiestaware,1
costa,1
sunda,1
hoaggie,1
garde,1
vitmn,1
san37001,1
puzzler,1
terrie,1
rtg81024,1
r8954,1
n1862,1
crueller,1
b6266,1
chateau,1
e3874,1
hotpacks,1
004cru514,1
004cru512,1
l5579,1
006913e,1
005507510ea,1
thy,1
hartmann,1
z8648hn,1
rtp27,1
z6037mnhr01,1
epc420,1
gddbs00044,1
hydrophilic,1
tze641,1
nffnp001,1
bln77a,1
mlk60xltcd,1
mlk80xltcd,1
cprmco2,1
paperpro,1
nffnp093,1
imep850zz,1
mp5422n,1
mp4780,1
qui,1
evschem100,1
evschem510,1
rl62703,1
pfx9200t13,1
ado,1
hewcb540a,1
nonzip58,1
lde30rgs173tw01,1
gep20603,1
fw551,1
lili,1
stoufers,1
ticonderoga,1
vegie,1
physical,1
transdermal,1
ps415hgultra,1
a48,1
msc351240,1
hc4511b,1
chevre,1
postcards,1
24x24x2,1
24x30x1,1
20x24x2,1
18x20x1,1
silvadene,1
teaspo,1
w1419,1
ctl,1
gochujang,1
3036c,1
dynashield,1
gmt6732,1
gmt7602,1
ave5146,1
dy3031,1
red50076,1
dy4229,1
dy5401,1
dym10697,1
dy2201,1
hd20069,1
aa12j12,1
cantloup,1
rotting,1
huns,1
roach,1
hookless,1
26w,1
kcc17713,1
gpt48580,1
esp,1
sq325208,1
rac77182ea,1
dy1216,1
ax4ozad,1
kd882712,1
kd7643,1
hewcf400a,1
hewcb436a,1
geqmyl12gcp,1
spa302204,1
tranlg8201,1
clo15948,1
extractor,1
4kn33,1
ren13320ca,1
thresholds,1
ren12511,1
ren14524ca,1
ren14516,1
msc282050p,1
lactaide,1
mscadvpe80fhr,1
hcsm70b,1
squ401544,1
b501lf,1
mscadvse80fr,1
otcs0393,1
otc00479,1
canneloni,1
dynaflex,1
frog,1
luxpro,1
cornstar,1
mnu40064,1
bxt479100,1
a168,1
a21350901,1
bitten,1
hbrt4050,1
mdt24supraapl,1
mdt82500,1
respvac,1
c4272,1
mp00311,1
005fol0101,1
benecalori,1
ave47975,1
39w,1
016bwk4020wh,1
sperber,1
0053m3346,1
placematts,1
kelbasa,1
enmot,1
garbonza,1
eyedrop,1
nasaler,1
otc40110,1
mtrm2133,1
squ404032,1
msc2944nb,1
mdt821203wp,1
nonsk0500,1
mscadv0580f,1
dynjaahmes,1
syr100235,1
ump,1
sen,1
antique,1
too,1
scj681023,1
scj680085,1
primo,1
mdtiu3xefhun,1
zipseal,1
bratwurs,1
ptx513060,1
zpp401,1
kiichi,1
mds15210,1
crr101030,1
hud1423,1
idmtl7668,1
arginald,1
clnt5190,1
res026,1
lcca552,1
ww901,1
heathbar,1
s6301,1
s6310,1
s6325,1
p60,1
2c386,1
norton,1
ab200,1
ab200s20,1
stetascope,1
eb100,1
lodestar,1
x7658qk,1
nonorg001,1
otc079316,1
agiag200079,1
dyndv1797h,1
seb1415br,1
mfsmp1000ch,1
lcca109,1
lcca524,1
roa74501,1
goj213708,1
dissol,1
ecr2032bp,1
mscbc20,1
pc1210,1
hmxsl39,1
otsa1umst,1
098001z,1
unv76620,1
9416c,1
dcg2,1
endust,1
bleaches,1
dps20003,1
arrwp10750625,1
viniferamine,1
sausalito,1
safegel,1
221c,1
balloon,1
cornme,1
oriented,1
pigment,1
ccucum,1
rl54846,1
ce250a,1
htp18132,1
musselmans,1
danby,1
s739,1
pro3000,1
005324809c,1
mdtnc,1
econo,1
cp3001j,1
005c22370,1
dyndsc1500,1
msc1200epz,1
manicot,1
wack,1
biofr,1
clsm8b,1
c2021,1
hh70f1000,1
swd720163,1
6444ep,1
letratag,1
swd833310,1
htp3325,1
mdt211218,1
msc2844,1
cllt6190,1
nep,1
ctq7553x,1
mdtrnc5l19dz,1
goj197104,1
clo,1
z4022rn,1
hc8445wine2xl,1
30gal,1
45gal,1
dvy04560,1
spry,1
evschem750,1
otspkmy,1
vegalence,1
powers,1
flappers,1
20w,1
e3585,1
infin,1
9233b001,1
9219b001,1
122maxhcg,1
evs4932h,1
mtfs,1
unv08862,1
unv92009,1
unv36003,1
unv51334,1
dvy3172641,1
p2000sc,1
bsb7496c,1
irina,1
pollok,1
usage,1
dvy04274,1
vlg5201,1
8445lnavyl,1
octegan,1
joj44910,1
dx3612,1
hil30482,1
lh4348,1
hil0102555,1
ll2433,1
a2922,1
arginate,1
win86004950,1
win86005220,1
4609311bvy,1
d350,1
2d0735x,1
49021grn,1
plt26e35,1
mltd115l,1
vacutainer,1
et2150l,1
shade,1
ibm,1
travel,1
g3908,1
3075hh,1
squ420671,1
m6320,1
e7758,1
d7470,1
n1690,1
ultraflex,1
d3490,1
a0178,1
e8312,1
baribreifc,1
w1358,1
teriyak,1
achieve,1
3mco3343,1
r4693,1
ca192,1
baa01201412,1
baa01201415,1
mds806400,1
801p,1
802p,1
c2039,1
8448l,1
8448s,1
bx911,1
7018a,1
bf309620,1
sy35020ll,1
swd5399sp,1
l3506,1
sheath,1
swd7751,1
as89214r,1
005q35372,1
prb04501,1
antidiarehal,1
32pl,1
brc52x80,1
tc8704471,1
duncan,1
dissolve,1
halcyon,1
reflections,1
seru,1
lr4348170k,1
36x60,1
brummie,1
minutemen,1
700001pk,1
unwrapped,1
cherrywood,1
steakhouse,1
16scf,1
h310,1
h31010,1
fcib,1
cns352,1
cnsds20,1
mucinez,1
collapsible,1
emzscxt32000z,1
dyk1087969,1
fd60012,1
fdim1223,1
syr110010z,1
otcotc52101,1
otcotcam324,1
otcotcs0883c2,1
otcotc074301,1
otcotc091160,1
omeperzole,1
otccur005331,1
llr86200,1
otcotc20101,1
mds9950h,1
incontinencepf014,1
entved660tc,1
404816n,1
rt8197m,1
rto46,1
plr404816n,1
swd833558zz,1
bounceback,1
louisiana,1
traditional,1
nikos,1
theraputty,1
hoff,1
hoffs,1
acidolphilus,1
antiperdeo,1
vtx995,1
s386012n,1
crr104040,1
2ett8,1
dps20000,1
a2323,1
mnu40230,1
scuffles,1
htmar1212wdb,1
br100,1
mds2503h,1
goj856202,1
non023339tc,1
dvy05388,1
e3046,1
a6057,1
a6132,1
a6138,1
msc0924002h,1
dynd20300h,1
ambitex,1
h8476,1
48034t4w,1
f4133,1
cobra,1
renown,1
neuchatel,1
r5,1
ren13311ca,1
ala310599h,1
forever,1
sylvanian,1
dover,1
a0859,1
hervey,1
utd66000771,1
msc092mbl08h,1
hh62g15h,1
dynj04062,1
crr108008h,1
otc030601,1
msc092,1
30ml,1
msc095654h,1
nutricia,1
non25861h,1
maputo,1
forbidden,1
urinalysis,1
par30,1
bitters,1
australian,1
g1889,1
pgc45922,1
marconi,1
pcs8133c,1
p101m,1
h3142,1
floured,1
crow,1
ella,1
ole,1
hep23527gn,1
a1395,1
10fr,1
l8403,1
toothetts,1
125a,1
pulmacare,1
cp1809,1
prm21224,1
16mic,1
htp88402,1
mfk200,1
thickerner,1
dock,1
hume,1
aer,1
csa,1
hcs245eh,1
dynj300,1
scc006,1
msc9614,1
medahoney,1
spadane,1
4266f03,1
p5132,1
3in1,1
atomic,1
8100s,1
6460s,1
mdttb4b23,1
thinking,1
separate,1
riva,1
2cut1,1
brttzefx231,1
lex70c10y,1
nonzip1215z,1
or80v,1
eqx3266z,1
auctioning,1
syrs103227z,1
a6674,1
a7987,1
a.832,1
mdtwc3c14sr,1
intermittent,1
biohazert,1
coregated,1
mdtbt3c50r,1
c4033,1
750mg,1
013t1305472,1
l4892,1
j1456,1
ort11300m,1
cleansers,1
vntfol01,1
h0766,1
horsera,1
ruse,1
magnum,1
pepita,1
16mj20,1
sknls,1
unst,1
banks,1
107124r,1
relator,1
00503e,1
mdtncg24,1
mdtbt5c1,1
fem,1
ald12f,1
alaa24f,1
alaaa18f,1
alc12f,1
mltd116l,1
pcdt60,1
unv72210,1
unv39510,1
tqp18y0144,1
tqpce390a,1
hewcn628am,1
hewcn625am,1
203l,1
mltd203,1
antipersp,1
unv35669,1
unv12121,1
cnm8281b001,1
00555502b,1
unv20972,1
swi74350,1
klnex,1
970na92a12,1
moderate,1
970075q1,1
arthri,1
eakins,1
364a,1
101s,1
680sh4va,1
guaifenesis,1
c4804,1
boudreaux,1
a7988,1
iosource,1
resou,1
isosourse,1
purasnow,1
hasbro,1
veggies,1
6cle203,1
petty,1
muxinex,1
shrmx60ntba,1
mulitivitiamin,1
1506pfb,1
lingua,1
36lf43,1
2zht1,1
hcs0440h,1
antiembolism,1
taxi,1
gevravite,1
lhr3339hpr,1
tzatz,1
antidandruff,1
dynd70900h,1
mdt014118burg,1
xeoform,1
mds9700,1
mnu30064,1
non122424,1
otc199553,1
dynd80558,1
ent199255l,1
smrt85365c,1
cement,1
ham1050,1
ave79192,1
casmp2201or,1
san32701,1
702c2554,1
712c2520,1
posse,1
ms,1
unv22001,1
top25270,1
ggr2ewl1,1
c4423,1
occusoft,1
cte390a,1
caulking,1
102n18105s,1
102n211s,1
102n231s,1
udr,1
floras,1
a11,1
004pv324,1
ave05705,1
tk1142,1
tqptk3122,1
00662088ea,1
ccx911062g4,1
unv20835,1
bridging,1
caniloupe,1
tqpcn045an,1
hl,1
spa4702,1
ferris,1
spa701615,1
mi5,1
hygiene,1
ritual,1
66273254im,1
ave11506,1
dbc34,1
ave30606,1
space,1
chaser,1
espresso,1
lc103bk,1
951xl,1
pourable,1
config,1
bagcraft,1
37x,1
hil0084225,1
hil20029,1
hil0015306,1
hil0093285,1
hil0080425,1
chd62xc,1
restore,1
14920016m,1
4515b,1
distinctive,1
poole,1
hewl0s61an,1
hewl0s64an,1
hewl0s67an,1
kd1615,1
qua50160,1
gmt6999,1
gmt14731,1
gmt14734,1
smd73240,1
tribase,1
tst3381,1
tst3406,1
wlj39314w,1
flauta,1
unv14113,1
unv20812,1
prophase,1
pebbled,1
pepperjack,1
caraway,1
boudin,1
00500502e,1
t0842,1
n3034,1
n0222,1
f6250,1
action,1
bicwotapp11,1
005as89214r,1
brttzes231,1
squ839262,1
npkq86984h,1
msc092016,1
dpsdpctn430,1
e7826,1
cacciatore,1
baroque,1
mello,1
dive,1
cippolini,1
c8806,1
gc17a21g4dim840,1
f4675,1
h8447,1
h8462,1
led8029dl,1
dynd10200,1
smuckr,1
nffnp039t,1
n9336,1
hone,1
surere,1
4797312b,1
upstate,1
1j611,1
49153tcin,1
sk415bbe,1
mdtwc3c11h,1
900jwnm,1
dvy5892221,1
crangrape,1
sk1850a,1
doy27600,1
a174,1
oreoes,1
lecithin,1
prosou,1
idol,1
tolnaf,1
mdsmr112,1
msc6433epz,1
nonsleevetlg,1
otc17165,1
squ413175,1
ctq7553a,1
u87295,1
hib,1
glyn,1
antifu,1
adaptors,1
glade,1
mds149000,1
rodo,1
epstn660,1
20516c,1
re-entry,1
hhabsp,1
cheezets,1
dynd80526,1
unv20891,1
1174hf,1
mds131040h,1
swd773662h,1
fabulosa,1
antisep,1
fcom648,1
were,1
hci911,1
relies,1
syrs100235z,1
dynd7600mh,1
antacidantigas,1
prm088003,1
ct285a,1
otc29923,1
dynd80235dh,1
cfs632hf,1
49153toat,1
cfs610hf,1
fcom615,1
odorban,1
unv81236,1
pfx45302,1
fcom650,1
tqpcf280x,1
elopement,1
281a,1
otcs066,1
otc201,1
balsa,1
mita,1
nourishment,1
avoca,1
tires,1
jay,1
waste,1
collators,1
otoscopes,1
burnished,1
invite,1
24x30,1
mp5421,1
64ar,1
e260x22g,1
a6624,1
everpure,1
hippremiumm,1
msc9466,1
bdf09046,1
psy6016lea,1
plurx,1
cn9010,1
uwbsm,1
medifil,1
dynd75222,1
hmysl750,1
antimicro,1
bhl2c8571,1
swd818929,1
msc8402,1
swd81882812,1
96326m,1
dynd15200low,1
dynd80290,1
hud1104,1
mdtbt3,1
mdtwc4,1
ap1000,1
ken441217,1
gerqrob16,1
roylivi11513,1
dyn3104,1
acth20810,1
ap23087,1
aeg014,1
123516a,1
mp5645,1
wel6270,1
dusty,1
lcca502nl,1
dxtt58dn,1
fitultras,1
ptx100856070,1
fpymr290vx,1
guiafenesin,1
nmd5201,1
non27001,1
bk90a,1
sge7250,1
wa06000005,1
otc099806,1
lcca509,1
sar21724,1
zoe,1
tgg58xh,1
nonadherant,1
htp8081,1
rak3203a,1
fab,1
mdsmr111,1
msc5488,1
otc176001,1
msc5125,1
isoso,1
lccars550,1
msc3514,1
msc351400,1
angina,1
mds08900,1
ncl44146,1
e7835,1
dyc13360,1
mdtfm24662,1
mds096066ah,1
swingline,1
ren24543,1
candidate,1
cn049a,1
drt43220,1
drt43770,1
coenzymes,1
6x9,1
ccp1sw43c,1
worchest,1
stack,1
suplean,1
thickerener,1
flavourings,1
crestware,1
ross62681,1
ross729,1
kend6242,1
kend441217,1
mnut40130,1
dynx3021,1
paraffin,1
3mco90616,1
3mco90800,1
3401imc,1
stan,1
t4891341k,1
scf26dde841,1
gl82,1
r343107,1
valley,1
zippo,1
50626572b,1
spanpl8435fp29,1
1418c,1
52634655b,1
mabs,1
utymax,1
cg988a,1
26w689,1
paperclip,1
c8704,1
sanding,1
resealable,1
take,1
naphcon,1
cfdwtrg,1
non24274,1
popsickle,1
jo04705,1
jo4963357,1
nppc1500,1
nppc2400,1
patgownhea,1
otc086335,1
dounuts,1
e6605,1
dynd74265h,1
otc000703,1
wiping,1
hcsu4507,1
sg311,1
hcs4504,1
hidrofera,1
mdt21121,1
dimenhydrinate,1
docusaate,1
ecoprod,1
miso,1
ave05301,1
cpc44678ea,1
qua37805,1
unv10200vp3,1
sel91145,1
mea05510,1
deodarent,1
epst676xl120,1
portfolio,1
001901a,1
4748sd,1
hewd3q16a,1
smd73624,1
apwbe600m1,1
ivre505asel,1
q2612ac,1
42x,1
buiscut,1
gizzard,1
lau,1
porto,1
sk11tpsp2,1
2249046xs,1
2299046s,1
2299080xl,1
2306080m,1
2377046s,1
2377080l,1
as126,1
22060463x,1
14371080xl,1
mindray,1
epscf281x,1
g805315,1
g828297,1
omepraze,1
2377092l,1
2206092l,1
2206092m,1
2206092xl,1
2206017xl,1
tz231,1
59498a,1
buxton,1
msc092016h,1
r1460,1
mlk50ped,1
dynd11504h,1
cfucn0005,1
icapsol,1
oxyguard,1
e4350,1
11in,1
c1300,1
s04071,1
21130r5n,1
sc543ea,1
mh18,1
msc9405h,1
hr404814,1
19008e,1
19550e,1
permalux,1
mscex33epz,1
147201246xl,1
14720046m,1
14371046l,1
143710462x,1
143710463x,1
147001246xl,1
dvy4995480,1
mdsp101800,1
mdc0047,1
mp56404,1
dyncstp14,1
whootex,1
10ul,1
glucometers,1
pluragel,1
ups150,1
e1580,1
ipdpouch20,1
deterant,1
cn10822b,1
bc78129,1
bc10812,1
3782b003,1
hr30371,1
menuma,1
htp18182,1
whirlpool,1
afsfk1850a,1
tensogrip,1
mb108408,1
mb10828,1
mb108,1
mb10823,1
bd368659h,1
turnoff,1
coax,1
ambubags,1
utd602124014h,1
melitonia,1
benadrly,1
mds4001,1
e280a2hcs04128,1
crg100012407,1
sg,1
syr160010,1
im5018003,1
otcotc741013,1
fdams2922,1
ll5400,1
cur251636,1
l5210,1
mds806250ee,1
q5949x,1
plr386016n,1
cllr,1
johnny,1
meclinzine,1
cursaline,1
soft111sc,1
79lab20609,1
h10010,1
fcpp3036,1
et71348,1
dl123abpk,1
62d1h00,1
2f7114,1
lais,1
mentle,1
pop-art,1
cuticerin,1
6cle202,1
whittaker,1
a6602,1
dtm200pc,1
nonplt,1
dtm200,1
a0183,1
mikes,1
msc3248z,1
crwbk110af,1
c3784,1
extrasrb2336b,1
e1098,1
rdpr14,1
hhwsh75,1
wca806990k1b,1
mds8085h,1
evschem120,1
msc351400a,1
nestles,1
4005pkakws,1
002abc,1
002ab3,1
010pcnd,1
005pj,1
006atas,1
005ba,1
mesalts,1
fce1232abn,1
d9052,1
bf802,1
m6316,1
498i,1
fitbasicm,1
fitbasicr,1
squ168210,1
msv511p,1
mds,1
carter,1
gorgon,1
tysonrl,1
013fpcsdt2x,1
fpcsdtmbl,1
vegline,1
yurt,1
rasen,1
many,1
ts3101,1
hil0100404,1
hil29908,1
profor,1
ww610c,1
dermagauze,1
as309n,1
fixadent,1
rub2541bg,1
123a,1
bismarks,1
scope,1
stouffers,1
1583s,1
4125l,1
31130r3n,1
non27381,1
chalk,1
g1249,1
ambidextrous,1
rituals,1
ca312,1
a0026,1
g5348,1
f3270,1
e8328,1
d3912,1
k2964,1
l7778,1
neon,1
fremont,1
reduce,1
pgc80168ct,1
ulster,1
microburst,1
2c8891,1
q409,1
otc016212,1
msc092scsw04h,1
utd66024630,1
fenway,1
tqpcf213a,1
01660rbgm,1
hosmt4,1
simprst,1
strayed,1
coulott,1
l9a19d2527k,1
hydroponic,1
010rtg02212,1
skincredbl,1
c9347,1
010as824,1
005ah2325,1
010tsb6glt,1
00500324e,1
mdrahobt150bt,1
1321816ahascsgmv,1
otc091,1
swd833215zz,1
mds104015c,1
bxt471700,1
resuscitation,1
mar30,1
rains,1
manderine,1
a2054,1
mdtps4b06fpy,1
ent100l3,1
fit33505,1
brclxl,1
brulxxl,1
e4333,1
e4334,1
f4134,1
musical,1
rcp611277yl,1
salters,1
ren02118,1
ren05236,1
app12728,1
c3883,1
c8787,1
cf350a,1
f4140,1
g1890,1
hcs4524,1
kept,1
8800jnt5xl,1
8832jnt4xl,1
8832jthm,1
900jntxxl,1
900jnt4xl,1
cf210x,1
8800jntxs,1
8832jthl,1
900jntmcm,1
900jntxlcm,1
8850jthxl,1
mmm3570,1
mmm90021,1
undrwr,1
60watt,1
ce264xc,1
e7823,1
irregular,1
dya1113,1
otc405488,1
dynj086003,1
dynd11784,1
msc09260,1
mds926106,1
esteem,1
dp09288,1
mckessen,1
rl64909,1
ram,1
pepperoncinis,1
naptastik,1
tajan,1
koi,1
tcqbond5,1
crpxc46c,1
a4538,1
mp5583,1
jj2019z,1
linda,1
kdl1050z,1
qtx107104,1
5235r3n,1
gpt18280,1
bisquik,1
e0596,1
non030035h,1
asepticare,1
wolverines,1
a3096,1
dfl8tbw,1
cns350,1
mscft181,1
hyd13410h,1
dx3000xx,1
htp18006,1
wa01690200,1
mds808550,1
l3359,1
ent199235,1
police,1
msc6022,1
map131000,1
m1,1
51b1000,1
ct436a,1
gp21004,1
conv125261,1
28fr,1
coagucheks,1
521358bob,1
freezable,1
lc713pk,1
syrs105207,1
mds093945,1
duolock,1
msccon184a,1
hyd13416h,1
28x45,1
wish,1
nonhcr3710b,1
rac7718,1
rac76938ea,1
sandy,1
san1884739,1
mmm686aypv1in,1
cb543a,1
t0601,1
geo20887,1
hewce320a,1
bsn16514,1
pil31020,1
geo26610,1
lh17186n,1
mdtab3b33whi,1
comfortpmx,1
al405a,1
3mco16002,1
tilamok,1
dynd12588h,1
top63116,1
top63130,1
f3658,1
wi5010wi,1
dynj086002,1
toni,1
rl54844,1
106r02242,1
106r02244,1
marinira,1
mariniara,1
ribbette,1
camomile,1
imperfect,1
atrac,1
evolution,1
epst200120s,1
dynd80556,1
citracal,1
unv43651,1
hewcn045an,1
acc72585,1
growing,1
deterrent,1
mp5437,1
237a,1
mcintosh,1
mdtdbltreadm,1
htp15203,1
cqn7711141,1
swd850515z,1
htp14103,1
pucelle,1
mfsmp9004ch,1
bmg425112802h,1
mphbc,1
hdc2700,1
hon919491,1
dynd800,1
suresite123,1
ivrf280asel,1
mtxmp1818,1
instaglucose,1
10x13,1
hhspg,1
mmm5910121296,1
coi12802,1
9004c,1
otc052547,1
4609311svy,1
16bp4,1
jivity,1
2g11,1
1000b,1
tf6810,1
30in,1
vacuums,1
dx5000,1
3354c,1
der31515h,1
glucern,1
admits,1
unv73700,1
unv28062,1
a54552,1
dynd75221,1
jj2012z,1
mds096012,1
9414c,1
cp1810,1
deorant,1
msc1723ep,1
65273220cmlm,1
dyk100mrsa,1
50xltud,1
a619020,1
msc1918ep,1
255a,1
260a,1
garbanzos,1
51135r3n,1
l4807,1
high-density,1
cfs632hh,1
garbanz,1
nonlv240,1
cri5001,1
fp23ad008,1
hcs4610b,1
ultrasoft713,1
wa480060,1
mph4540,1
mdt211216bih,1
htp80110,1
syr110235,1
mds99901,1
tah811300h,1
pluerx,1
msc092zp04h,1
mp5490,1
doc,1
hr386022n,1
archer,1
312386017n,1
lucas,1
90z,1
h721,1
h718,1
paws,1
gen51180,1
pantliners,1
nutt,1
ts1636s,1
vinager,1
j948,1
j952,1
dessertstop,1
vlg5201b,1
taters,1
or395,1
ncl018583,1
basatracin,1
dynd140216,1
doy360300,1
cpi,1
swd775659h,1
hc8800dkwl,1
dvy5594995,1
mdtnc5l24,1
evsdstp92,1
seb64ar,1
mdtog5itsrsw,1
dazzle,1
amm18hdbwb,1
wagyu,1
draws,1
garvey,1
roux,1
mdt217645,1
dermacal,1
j0327,1
proactive,1
rtg04000,1
rejuv,1
sg313,1
hil0103455,1
mmm90022,1
52d100,1
m4928,1
glc001,1
f3641,1
e6172,1
traction,1
ctfx3,1
nc15206,1
h9918,1
a209,1
0057198d,1
c9807,1
016goj518603,1
dcc16sl,1
wounds,1
c4567,1
005as861616,1
010sa99961,1
004bc012,1
selene,1
rediwash,1
0054a7044,1
doy180,1
mds137,1
mds138,1
suggestion,1
feb10,1
00560440d,1
cowboy,1
contractor,1
ribettes,1
brtdr420,1
7800tdg,1
3667epbn,1
js660slss,1
jvm6175skss,1
kk209ni,1
dym16953,1
evee91fp12,1
fel8038401,1
r755280,1
pfx48420,1
pfx85545,1
pfgb42pf2,1
mayonnai,1
probiotin,1
kcc04460,1
ww665,1
dollis,1
starfruit,1
e6568,1
chromebook,1
lenovo,1
mds806750,1
theragram,1
spa711812,1
spa302312,1
kdl6665z,1
otc20110,1
61048bp,1
a6027,1
a6028,1
684rdsh,1
ophthalmic,1
rec00230,1
sopaipilla,1
famotide,1
ave11125,1
ave11127,1
xer3r0376,1
gpt28706,1
b0080,1
a8874,1
msc095015,1
vtb6900,1
htp3226,1
mphbd,1
dynd15405,1
nffap030,1
popsic,1
medivac,1
chd24mc,1
hil0015007,1
knt36841515,1
feosol,1
jalal,1
2k8005,1
a6043py,1
kate,1
cauteloupe,1
metallic,1
gins,1
rutabager,1
les,1
apricity,1
d3176,1
8722ep,1
8722epz,1
092zp04,1
r5244,1
n2332,1
t1258,1
e3884,1
t5,1
ave30600,1
portabellas,1
a5033,1
a5034,1
turning,1
smt,1
keybored,1
3354p,1
a2580,1
otc078430,1
chayote,1
c6135,1
ren25621ca,1
4188a,1
vindaloo,1
ox1,1
pos,1
kirby,1
microfibres,1
microclave,1
r53bbjd110,1
amigo,1
smd24275,1
ce401a,1
boucher,1
pbsl23g,1
pgc31569,1
c02,1
rtg08006,1
a7985,1
013thb1627316,1
a0437,1
005gn4417,1
005pcpj05,1
nonplfc12,1
mdtbb3c14t,1
m4198,1
prm3312,1
otc401,1
504625e11,1
105gen,1
a4933,1
013twcb121016,1
002slr140,1
as41016,1
occuvite,1
pc500,1
apccc7,1
tp16d,1
bar4992301,1
goj960624,1
ovation,1
stainaway,1
otc09190,1
fioxdent,1
drugs,1
v1390,1
ult101292h,1
kdl1238z,1
msc8401,1
otc45504,1
8832jegl,1
8832jegm,1
8800jeg4xl,1
8800jkkxxxl,1
epse390a,1
8850jeg4xl,1
wallets,1
dynj03033,1
irc1135,1
mdtab3b33blu,1
utd66801304,1
bugs,1
a9934,1
fisherman,1
k883,1
hidrocerin,1
mmm90610z,1
otc922017,1
8851jegxxl,1
8850jegxs,1
loperadime,1
pomiane,1
mdrahobt150ct,1
mscadvve84fh,1
bactracin,1
pht168319,1
msc3222h,1
kdl6725h,1
htp18372,1
msc8722eph,1
msc9818eph,1
unv21874,1
hewce390a,1
6239ly,1
pc640cb,1
00520039e,1
003x20210,1
sns90502,1
004pvb012,1
004pvb013,1
10519cc,1
tektone,1
tqpe360h21a,1
tqpgr332,1
ave23076,1
unv24115,1
unv24810,1
airports,1
supliment,1
1skmappa,1
mission,1
petr,1
mdtbt4b60r,1
otc172001,1
xxlarge,1
mdt217741,1
mdtpc5s34dz,1
z6037mnr01,1
bt2450140p,1
concentrated,1
non25224z,1
salen,1
dec,1
wholesome,1
barra,1
deodorize,1
furnace,1
aerator,1
kpc800,1
trs05gcp,1
63412gcp,1
6239l,1
76315gcp,1
44909gcp,1
mds450adp,1
mnt416,1
mnt418,1
013fphs1112bl,1
htp7730h,1
analgesic,1
mds89664xw,1
utd59480200z,1
l7500,1
4400cp,1
roydtys,1
ren16020ca,1
epserc38br,1
cf402x,1
900284bel3,1
banning,1
logitech,1
40cp58,1
rti10151,1
dynd50246,1
htp529968r,1
ncl22390,1
peptide,1
gardettos,1
bxt002600h,1
otc193807,1
699b,1
barbs,1
xl88gb,1
aquapaks,1
24w596,1
smd75114,1
squ404594,1
imperv,1
wh2120l,1
c53pst1,1
mermelade,1
g7645,1
j565,1
mccormick,1
masklin,1
breadsti,1
rk350a,1
v01757,1
s3516,1
s243306n,1
smock,1
liv,1
benedryle,1
cl701hm,1
cl701hy,1
mds090737,1
tirami,1
6mds195074,1
drawsheet,1
atuosheild,1
16pbsl,1
ort21310lxl,1
mds806150ee,1
dynd13512,1
33123sp41k,1
barmop,1
nonnet09,1
dyndtc5002,1
metamucile,1
non24309p,1
e4864,1
5335r3n,1
aquaflo,1
scl47,1
stars,1
uhs183,1
rl62693,1
htp18003,1
hep27732mn,1
intrydry,1
lex22073,1
msc263153,1
spat,1
x8647wk,1
msc1613z,1
deckchairs,1
pap3331131,1
micky,1
mscadvfl,1
lsfs99200,1
9308ep,1
msc1585,1
hipkit,1
apr00,1
optiform,1
ct593bbbj,1
ct593bbbu,1
p2035,1
clo15949,1
412x,1
413x,1
05a156,1
mscedu,1
pesce,1
social,1
gerry,1
icd,1
utd66801304z,1
utd66801307h,1
htp19154,1
mscex44eph,1
mds202095,1
002pc10250,1
005fnc1f,1
unv39110,1
htp3726,1
qua54416,1
sts1385un,1
dx4gc6,1
nutrl,1
pro31764,1
mds195286,1
muffaletta,1
ncl185,1
ncl1858,1
enfit705,1
dynd152,1
otcs905017,1
otc70310,1
otc81008,1
otc7735,1
cc531a,1
lcca105,1
bowel,1
emze010001h,1
zol89000801,1
sandbag,1
coversite,1
a50021,1
zucchni,1
tutors,1
ross54326,1
kend3563,1
kend3607,1
kend7662,1
kend9355,1
kend3575,1
mill3000004573,1
dynx3456,1
loperimade,1
soon,1
strno,1
stroganov,1
mon,1
fg100s,1
ye5sys,1
syrs100235,1
inter,1
neuro,1
mds160894,1
hyfiber,1
l6142,1
mp5541,1
mp5427,1
sebdr400r,1
mds1702dtsh,1
123620a,1
0166l16,1
23711031xl,1
2377046l,1
touchless,1
53765034b,1
neptune,1
ro,1
layered,1
pdf,1
mds169026,1
syr105010,1
c8011,1
a93614,1
4gc6,1
headrail,1
g847881,1
drt00231,1
v5200,1
2c6537,1
c3214,1
cultrelle,1
932c,1
adapters,1
a0176,1
icybay,1
52634662b,1
conv403771,1
glengl707,1
gl,1
kend6725,1
kend8884433500,1
a510021,1
conv145730,1
pl8035fp,1
734c25230wh,1
soiled,1
drt00270e,1
tof,1
nct,1
osmlite,1
kp108in,1
apb,1
squ839252,1
litocine,1
drt00212,1
wonderguard,1
sebtn450r,1
mmm1584s,1
msc095394,1
drt00278e,1
ren05206,1
drt11480,1
evs17144,1
pemko,1
cfu0010h,1
antihistamine,1
poster,1
carco,1
tailipia,1
et706012,1
12x20x1,1
dyndtc5081,1
dyndtn2512,1
jigsaw,1
mds9388lf,1
dynd40980,1
dynd11533,1
menil,1
san33001,1
moisteners,1
80xlt,1
unv10503,1
hewcn049an,1
fel0070308,1
ave5260,1
smd73395,1
aagsk241600,1
turpin,1
ivrtn460,1
cantelaupe,1
citavio,1
citivio,1
pepperony,1
drummette,1
benvita,1
piquillo,1
70c10k0,1
70c10m0,1
non250314h,1
maeploy,1
prosoure,1
nizoral,1
colon,1
mornstr,1
pulsar,1
a6722,1
kk,1
sherbart,1
riccitta,1
rotissery,1
cheers,1
brachetta,1
dots,1
shc021,1
jimi,1
blakey,1
shctab30t,1
mp5440,1
marr,1
arthritic,1
dynd41901,1
20rl,1
applesaue,1
cinninmon,1
kunzler,1
welling,1
costnzo,1
sermon,1
mp5434,1
mp5469,1
shc025,1
rhodes,1
odds,1
mds096082,1
106r02243,1
boysenberry,1
sushi,1
popsicl,1
yakiso,1
yakisob,1
turbinado,1
semolina,1
arugl,1
tirimisou,1
cati,1
canteloup,1
horserad,1
munchskin,1
fingerlin,1
jarritos,1
gaterade,1
rinsed,1
potstick,1
blond,1
wenches,1
conical,1
acini,1
occasion,1
riley,1
ciliegene,1
tiramasu,1
norther,1
ffs1505,1
destainers,1
cc181696,1
p.59,1
sends,1
qua37890,1
reinforcements,1
acc72380,1
def68201,1
wau22531,1
slp,1
stomach,1
qua46065,1
rubberband,1
walking,1
85h,1
dicta,1
fel00721,1
receptacle,1
lactobicillus,1
fel00061,1
culturele,1
cvp,1
71b10c0,1
71b10k0,1
purchase,1
flashlight,1
mar86,1
701hm,1
701hy,1
a4302,1
tostadas,1
c8934,1
b0337,1
otc05840,1
e101cp,1
candelabra,1
bsc73m,1
dynd40582h,1
mds096803,1
n66a,1
cellera,1
4t213,1
51b1h00,1
a8467,1
cli62097,1
nopalitos,1
theratear,1
tambourine,1
14w,1
hud04128h,1
turnbuckle,1
otc245014,1
4008tc,1
w69328,1
bxt507510h,1
crayons,1
stackable,1
ivr7970,1
kurlix,1
appliance,1
close,1
bh38,1
non27405,1
zertec,1
nonchd33l,1
fssc367hh,1
fssc130,1
fssc440,1
a0181,1
cfs110,1
65412sscy,1
a0184,1
tartan,1
gpc8946,1
drt00259e,1
b324x20ez,1
mdtds4p72,1
msc097046,1
msc6144,1
magnets,1
kutdura,1
doppler,1
f218x16cs,1
e318x18,1
swd833115z,1
maxsorb,1
stw420x18ez,1
prm25,1
fssc306p,1
cfs633hh,1
dynd50240,1
30772p,1
ncl8190,1
faxed,1
eps,1
positive,1
gpt23304,1
ren05205,1
drt00276e,1
drt56470,1
abuse,1
fssc127hf,1
c2p01fn,1
522e,1
hemorr,1
jevit,1
mds0895018,1
a0172,1
ponchos,1
edrh,1
ccbpk,1
codeconduct,1
vga,1
ewnb,1
ftc,1
gpr48,1
osmilite,1
dtm12jl,1
fssc336p,1
1376nh,1
1477nh,1
hrmb,1
mmm3343,1
sola,1
solflyerpack,1
rob,1
nedga,1
swd763662h,1
drt00317,1
msc095322,1
scrapers,1
map135150,1
easter,1
fssc344p,1
oh,1
49142cha,1
mp00072c,1
physio,1
031818ahasg,1
032018ahasg,1
g0386,1
ross64911,1
ross54544,1
sc240,1
internet,1
carthage,1
charge,1
conv403202,1
kend37224,1
kend8884433400,1
mnut40064,1
network,1
ross54328,1
silversorb,1
vash00313,1
8128wb,1
70nx81,1
conv125266,1
dynx3262,1
fo56nd,1
dunnage,1
6gam1,1
9236c,1
3mco90615,1
3mco90303,1
sn203w,1
l33v,1
quilted,1
90htpf3r,1
jewel,1
zapp,1
grdnbrg,1
casacls,1
wes,1
bs30,1
dominoes,1
mikrokill,1
mdt821208pas,1
ewd18p,1
clamps,1
30793a,1
antirollbacks,1
a54571,1
non026330,1
mdsm3a7208058,1
non255015,1
dynd12302,1
fundamental,1
143710384x,1
slr,1
b1333,1
received,1
motion,1
1145p,1
1ayb4,1
screwdriver,1
trashcan,1
or66a,1
emz111240,1
fluidmaster,1
g800006,1
g804002,1
g842418,1
gastrostomy,1
icd10,1
msc351310,1
msc7312epz,1
in702285,1
dvy4716,1
perdiem,1
adami,1
19021038m,1
humidity,1
tripp,1
f32t8hl730,1
a0180,1
sedona,1
a1562,1
suyrp,1
encilada,1
n111,1
camlid,1
a9704,1
sanitier,1
3821f,1
dynd71200,1
household,1
heelifts,1
saute,1
a70713,1
dx4gc9,1
sfw325400w,1
hr242408n,1
4gc9,1
mdt211218mi,1
enchilad,1
a92406,1
ag1250sp,1
sw705x,1
word,1
incentative,1
nonmb600,1
cfs513hf,1
l3500nh,1
3616c,1
adscoop,1
jalapen,1
burn,1
dynd36608h,1
salsburry,1
evs5024wg,1
dvy95386176,1
cp3009a,1
3535r3n,1
ab330,1
702c2554huh,1
dynd40973,1
mscex99ep,1
vented,1
coming,1
stopain,1
2377017mp,1
23771031xl,1
22061031m,1
22491031m,1
2305046l,1
2305046s,1
23051031l,1
2356046xl,1
23561031m,1
2306046xs,1
2356046l,1
2356046m,1
2206046l,1
192021255s,1
22061031xl,1
professional,1
onedaily,1
valentine,1
aura,1
5680235s,1
cypa,1
123518a,1
upc238,1
spreader,1
profile,1
d43600,1
energel,1
tze211,1
non25492,1
g6642,1
mdt829298,1
mds1702etsh,1
mds1702cth,1
inspection,1
dynd80547,1
fce1232rsrn,1
fcet01rhfchr,1
otc564942,1
otc958,1
douche,1
acidiphilus,1
otc60039,1
temperature,1
mds806300dfla,1
mds806750fla,1
mds809750,1
mp5949,1
3830r3n,1
cp1695,1
msc9908zpl,1
underpades,1
wastebasket,1
f5500199empgbk,1
a7522,1
rf,1
pprs1335,1
heron,1
falcon,1
amplifier,1
ashtray,1
cns011,1
cns012,1
bouncer,1
turner,1
hours,1
cetrozine,1
2191sf,1
osf,1
6521222wh,1
itilan,1
glad,1
31jan,1
conv400598,1
dale316,1
moln1434,1
mnut10064,1
marshme,1
kend9356,1
kend9890,1
kend775659,1
kend55533,1
kend55544,1
ross54846,1
cur9226,1
ren02088,1
s404812,1
tialipa,1
mar07,1
q410,1
dimethi,1
dimethic,1
exec,1
cc8240,1
allergies,1
rl64913,1
150mw4,1
rubicon,1
chefcut,1
pecanwood,1
coaguc,1
452753xl,1
a7151,1
a50022,1
2000ml,1
502wl,1
aa2650,1
enchilads,1
mepilix,1
swd501384,1
mphpn,1
scc019,1
scc013,1
sccwp01,1
non70600,1
cobol,1
a812601,1
cp1721,1
and7802,1
zol8000080701,1
msc2404h,1
alcholol,1
mds086001b,1
curturelle,1
a510120,1
bathgate,1
manukapli,1
lcca573,1
lcca111,1
lcca500,1
lcca537,1
4266f04,1
4266f15,1
lcca100,1
chopsticks,1
swsmiss,1
m90350r3,1
hcr48stb,1
cc530a,1
cb30,1
poker,1
z7660xk,1
cb,1
pinesole,1
f1406,1
cls1110,1
microfridg,1
g24q3,1
c4025a2ddbe,1
antipasto,1
x8046qk,1
shineup,1
c4103,1
prog,1
c3307,1
mds202055z,1
handgard,1
dynd70102h,1
cellocor,1
bmg4251628z,1
non253440,1
royalpap,1
scc002,1
otc5021,1
otc0970c2,1
otc700500,1
1312pk,1
tun,1
mds0907,1
ncl365,1
ncl3650,1
12202kd4,1
8a09,1
kwikset,1
buffa,1
goya,1
msc8744,1
nai6503,1
47970t30,1
lr1868,1
popping,1
orangewood,1
mdc0221,1
qt1012120,1
tolnafate,1
children,1
coldest,1
bagnbox,1
dyndtn2522h,1
seb15ar,1
htp18404,1
mlk60xltup,1
otcs038112,1
nsm5101,1
415315red,1
4550b001,1
cf362a,1
b682d1sy,1
gllf2502,1
gllf2507,1
msc095361,1
mds138000h,1
msc2631816,1
swd8189291,1
rtg05006,1
mscmldarmr,1
smd10405,1
squ401507,1
squ401523,1
squ421041,1
a51039,1
dynd15215,1
dvy04078,1
slvbsc1816,1
420r,1
acidophillous,1
wst0101,1
pay,1
gmc20080004,1
900pt501,1
e250a11a,1
kreig,1
mds133037c,1
mdt219886,1
exgtat2000,1
otc016638,1
mdsr001470,1
016goj194402,1
cmd500006z,1
2342path,1
005zip69,1
0108197m,1
010bf401,1
305x,1
ginkgo,1
moneyrent,1
beagle,1
brttzefa3,1
non25334,1
bempmv007,1
ce411ac,1
ce412ac,1
ce413ac,1
msc9344epz,1
msc1523epz,1
msc1133z,1
msc351261,1
htp19004,1
prm21450h,1
mscex66eph,1
nonnet01,1
swd811558z,1
xer106r02738,1
a513301,1
a812611,1
cscskcnd4,1
uhs603,1
non2586,1
excellent,1
msc09542,1
npkd43600,1
tel1705,1
helmet,1
consult,1
aa8623,1
tran,1
lamina,1
411x,1
cscontbr2,1
rolyan,1
reclined,1
unv10506,1
tywc4410001221,1
jervity,1
bareatic,1
dx5900st8714,1
ct593bbbs,1
ct593bbbt,1
unv56003,1
breathing,1
ficil,1
ken75035,1
gentac,1
surgilube,1
medihone,1
cortaid,1
package,1
1066ep,1
emerald,1
lspc99200,1
uhs8134,1
uhs8128,1
uhs8130,1
tybt21500,1
uhs8125,1
residents,1
adductor,1
unv10320,1
cahmlcb3,1
emi,1
80c,1
cylinder,1
tympanic,1
concave,1
b0017,1
plungers,1
platform,1
mmm66512900,1
pap3311131,1
sparclean,1
unv35260,1
b2360d,1
hmy18470,1
hmy19150,1
squ413162,1
c8007,1
cauliflour,1
blocaid,1
in701063,1
1257bl,1
msc9744epz,1
se5000,1
eyewash,1
patriotic,1
splena,1
medcell,1
cf413,1
abbott,1
htp19003,1
anti-roll,1
dyk200mrsa,1
501x,1
alkaline,1
seatbelt,1
20x25,1
f5806,1
rp255059,1
6000ca,1
dynd40970,1
jjma028z,1
a20080903,1
puracel,1
a320,1
a0818,1
squee,1
dealt,1
50f1x00,1
msc351128h,1
mds10750,1
moving,1
msc1734ep,1
1475nh,1
cervical,1
petrocl33,1
briggs,1
skill,1
shy,1
wheelock,1
mph17ce210,1
non171333,1
mds086006,1
aires,1
dms,1
showerhead,1
congestion,1
non255145h,1
msc4400h,1
mds055003z,1
mdtbb3c14z,1
threahoney,1
canny,1
bmg4252500z,1
bmg4252519z,1
c9877,1
neutrashield,1
r3302666,1
mousepad,1
brute,1
pneumo,1
money,1
vaccines,1
fametadine,1
famotine,1
mds806800,1
mdt21764,1
mdtpg3roldem,1
chloral,1
stirreres,1
chu5186,1
4l460,1
pv9161,1
multiple,1
gummed,1
p92084,1
dehumidifier,1
frutato,1
chol,1
ppd,1
ashes,1
hemostat,1
watercolours,1
swivel,1
jes1072shss,1
mds705201,1
ribeys,1
lifesaver,1
cf283x,1
201x,1
antiitch,1
epscf226,1
a5781,1
ciders,1
mckfol,1
condiments,1
l8471,1
ptc123g50a,1
k291,1
glassware,1
walkies,1
sector,1
oratect,1
sleep,1
independence,1
385813c,1
steve,1
goldfi,1
gu,1
mainara,1
haogie,1
outpost,1
hoover,1
35mr16,1
tf6710a,1
tukey,1
vb4900,1
supplemental,1
sacchar,1
earthchoice,1
cer,1
nopalit,1
marks,1
breadded,1
puddi,1
burnish,1
280xc,1
crem,1
cheeks,1
hc8800dkwxxl,1
q43acl2,1
ub645,1
j628,1
uniform,1
cantoloupe,1
j954,1
microfridge,1
3k466,1
j446,1
f801,1
non27494h,1
literature,1
cantaulope,1
speedqueen,1
angels,1
takeaway,1
kohler,1
muriatic,1
schaffer,1
compost,1
namaste,1
zu,1
ren64530ca,1
sons,1
sr255tm,1
raised,1
2c6895,1
unv43148,1
ivr10031,1
nonex0046,1
colony,1
twocall,1
5835r3n,1
dryline,1
prm2600,1
guaife,1
magenta,1
psychoactive,1
pedestal,1
2xkr7,1
otc700433,1
q86984,1
sft2600,1
s1,1
savlon,1
2ett3,1
kyocera,1
fettuc,1
c2374,1
gandule,1
l3502,1
l3507nh,1
l3515,1
goj518703,1
sfb96,1
mandru,1
skewed,1
headphones,1
984c,1
bluetooth,1
bxt471751,1
mdtcs4p80,1
mdtpc4p34,1
mmm3389h,1
msc351430a,1
kdl7084z,1
kdl75000h,1
scp255100z,1
utd59431600h,1
utd59432400h,1
vllrd610,1
masses,1
jan,1
s5856,1
gpt19378,1
kikkoman,1
ecr2450bp,1
minmaid,1
pinapal,1
msc2177epz,1
kdl84066,1
msc2366epz,1
dynd7600m,1
approved,1
swd720205h,1
doy186000,1
ren11518ca,1
dredge,1
velvette,1
t650h84g,1
pneumovax,1
mds195174h,1
f13bx841eco,1
maa4000mxl,1
vaccine,1
52d1000,1
6c567,1
nonhdr43,1
1v860,1
scp284190z,1
18203015one,1
12v,1
scrubbie,1
swag,1
ribbons,1
chocolates,1
scp281000z,1
gregg,1
pmc05479,1
emerged,1
scarf,1
entered,1
swd720221,1
10211ever,1
potassium,1
showerheat,1
4900bg,1
flanks,1
greatshake,1
dyndtn1812,1
nf1310,1
2n8374,1
dynd74271,1
flh179,1
utd66800835,1
solsite,1
ww61,1
00662669ea,1
0103t4691,1
squ125272,1
005bp35,1
deer,1
mds087003lfz,1
non256015h,1
pl200n,1
frenchfries,1
dync2303h,1
01600109f,1
0160093f,1
005pcdt60,1
axlcf5050,1
009548a,1
bmg4251644h,1
bmg4251687h,1
non25496h,1
non25498h,1
mds077006z,1
mdsp501506b,1
mds077003z,1
extrabulk3036,1
mds077002z,1
016clo30824,1
00100bb,1
004fsh030052,1
mds806850,1
mds806950,1
wca806990r,1
ww170,1
dermaphar,1
75201gcp,1
qcom10gcp,1
pc277,1
et706010,1
sphyg,1
95101hst,1
013knt368413,1
42101gcp,1
626ts0090,1
dermaleving,1
rubbing,1
corky,1
sfo32841xpeco,1
klein,1
owed,1
buttersco,1
cheetoe,1
marion,1
gigi,1
d1050,1
aug32,1
showboat,1
journal,1
kld,1
30x80,1
tldw453522,1
nonzip69z,1
spa711812c,1
ren15610ca,1
gpt16880,1
margarita,1
tb1830vw,1
premia,1
pc4236250t,1
fls4880ba,1
evsdsmfb,1
evsdstphstd,1
autodispb,1
strlmdriptrbl,1
hc8445lblackxs,1
evspscrub20g,1
dynd80290h,1
hml27016,1
sp377,1
mdt217520,1
plaice,1
mannicotti,1
mdtwc3c16hdz,1
otc08701,1
10j,1
andouie,1
world,1
led10a19gudod27k,1
varnishing,1
dab,1
r0039,1
spotless,1
neuroflex,1
ht15,1
copper,1
fargo,1
nutrin,1
isosouce,1
consults,1
hewcf280,1
roquefort,1
elevating,1
c2710,1
s102,1
01412gm00,1
a2192,1
duraloc,1
my,1
once,1
1509b002,1
custom,1
cf281,1
unv04117,1
red8l829,1
unv20813,1
unv76920,1
construction,1
challah,1
tqpcf226x,1
0041130a,1
r3027,1
005mmkdc16831ea,1
0052085u,1
0052c8891,1
6239g,1
valutrode,1
6239lr,1
icon,1
casting,1
a8051,1
005324b,1
016msc351420a,1
47985blu,1
016ss129,1
dumb-bell,1
tehiya,1
tn450sel,1
wire,1
tze2312,1
a9883,1
2cxx5,1
521358bs,1
caster,1
et7281,1
hewf6u61an,1
hewf6u62an,1
carrier,1
non25494h,1
non21450hh,1
htp18423,1
htp14403,1
ent199235rnt,1
kdl6725,1
msc3044h,1
msc5522h,1
humidif,1
m23,1
dame,1
wbm97214,1
dynd50230,1
rch33302,1
msc9951,1
mdrahobt,1
pdc,1
031816as,1
j0916,1
dx1196,1
e1619,1
htp8484,1
waco,1
e0028,1
b231000,1
b2338,1
murano,1
philips,1
angle,1
non241279,1
ult193292h,1
in35199,1
breadboard,1
8865jegxxlp,1
mdsmsa2,1
mdtwc3c,1
nlg5201,1
stacking,1
hidrocelin,1
8851jegxl,1
8851jegxs,1
bmg473438h,1
rskp0009,1
otc07470,1
mds2095h,1
mdtpg2rsbst,1
sofform,1
mounting,1
ct435a,1
ctfx8,1
tortalini,1
vegalen,1
ladder,1
devised,1
g0099770,1
curved,1
nutrional,1
softpro,1
mp5212,1
mmm2084,1
hud1103,1
hud1812,1
l3505,1
otc0081002,1
recycling,1
a2921,1
bmgus5300,1
employment,1
thanksgiving,1
cp1321,1
cp1331,1
elvis,1
fexafedadine,1
mp5462,1
mp5423,1
hmy19300,1
hmygp618,1
msc23600h,1
dynd7064,1
doy35984,1
8850jkkxxxl,1
8850jntl,1
8832jegs,1
8800jntxxxl,1
8800jegxs,1
swd77565,1
otc09550,1
coi7912,1
8865jegxxl,1
8851jegxxxl,1
mds10485,1
view,1
a0662,1
klenexx,1
otc00355,1
otc42396,1
otc55298,1
migraine,1
cf237x,1
01413bgm,1
penlight,1
apr83,1
otc6817,1
ww695,1
013t13066104,1
atas116,1
calmospectine,1
highback,1
waschoth,1
4350kakw2xl,1
4728kakw2xl,1
4101kakwxxs,1
8219sandxl,1
00324e,1
gh36,1
013t13066108eg,1
angiocath,1
013pj704l,1
dermasep,1
013tb204040,1
013twcb127,1
buffered,1
acidophius,1
myralax,1
diode,1
coq,1
013pnw2026,1
005bd,1
005afs102,1
00312e,1
zymox,1
l500dietbgndym,1
l500dietbgndy3xl,1
tzes241,1
k500ls,1
twc1210,1
sanitizing,1
013t1804234,1
002slr116,1
a513300,1
dawnmist,1
blairex,1
pacify,1
po,1
salads,1
gm,1
nit,1
goldmdl,1
waverly,1
golds,1
provolo,1
dinners,1
drip,1
pc0306,1
gl703,1
har,1
scandinavia,1
cantaloups,1
ambassador,1
drt43580,1
msc64812ep,1
otc000323,1
non250414,1
fssc415,1
1476nh,1
rp241004,1
rp305024,1
l2131,1
c4556,1
halos,1
nex,1
eu2ledm12,1
c4277,1
non2120120,1
gpk80600,1
non0357l,1
zip1013,1
surecare,1
h9908,1
005tnc3299,1
005bd306531,1
53101gcp,1
52101gcp,1
sennakot,1
storeroom,1
c4271,1
bisacody,1
biofrezee,1
as821,1
nitrait,1
gojoe,1
otc014283,1
msc2603z,1
mds055006h,1
htp3723,1
saddleback,1
pianapple,1
piannaple,1
corkscrew,1
babybel,1
safetyglide,1
f13t5,1
kingchs,1
kcc02000,1
gpt20887,1
f8t5,1
s1982,1
rcpq41000bl,1
bona,1
margerin,1
gocce,1
flapjack,1
5957c,1
tourniquet,1
dummies,1
nitro,1
mis1130,1
dsatsf,1
cfs91hf,1
burke,1
ivre401a,1
sanitaire,1
v01788,1
asigio,1
avacodo,1
f32t8e2808btl941e2808balto,1
unv57117,1
oxf57557,1
microguard,1
introcan,1
gulden,1
e7069,1
pickling,1
peck,1
a10,1
shaomai,1
1222hd,1
ren25621,1
samsung,1
bevnap,1
aquafin,1
adjustable,1
acidophil,1
msc97310,1
b6230,1
n2966,1
cur253180z,1
monk,1
bl00,1
yl00,1
p200n,1
g2167,1
jamaica,1
fist,1
fcom616,1
tqpcf280a,1
rl62723,1
liquicel,1
probook,1
f6u62a,1
cottontipped,1
succotas,1
005v1921,1
osc13,1
osc29,1
ma00011453,1
ba3312,1
pd,1
yeastrolls,1
cokecube,1
nrb4593,1
wholeeggs,1
blue-white,1
cd15,1
porklinks,1
foam14,1
plat,1
dairyliquid,1
dairyliq,1
ts4494,1
gradeaa,1
addedsugar,1
towelswhtblstp,1
mw,1
tombean,1
liqegg,1
reams,1
scampi,1
breast4ounce,1
seco,1
groundbulk8119chubfresh,1
greekstraw,1
pattyfrozen,1
dustedshrimp,1
dominopack,1
ifcut,1
deveau,1
pharmacy,1
ho8918,1
sr1600tlc,1
bra,1
nr02000,1
foam9x9,1
crabsoup,1
buddybar,1
moistwipes,1
breastfrozen,1
14foam,1
nosugaradded,1
beefcasino,1
bakepotato,1
roundbread,1
hrd,1
pecs,1
freeman,1
c2,1
ofasparagus,1
quarterif,1
thebes,1
basepeach,1
creampancake,1
mashpotato,1
linkage,1
hamburgerwheat,1
ams,1
2691a,1
wholepeeled,1
kraftpack,1
biscayneblend,1
096pk,1
breastoil,1
uncurled,1
juicediet,1
plynapkin,1
ofhalf,1
1160ba,1
chug,1
liddome,1
bunplain,1
topwheat,1
loinalwaystender,1
chp,1
apart,1
low-fat,1
thighstrips,1
topsyringe,1
jip42795,1
belongningsbag,1
paper30,1
cranberrycup,1
andmineral,1
mongol,1
greenfroze,1
12cal,1
slawmix,1
securementdevice,1
beaters,1
caf,1
cabinsyrup,1
bicst,1
shapedpatty,1
changetrays,1
oztranslucent,1
fryoil,1
postal,1
heldnebulizers,1
bedlight,1
juice31con,1
outbacon,1
leeturkey,1
hs7717,1
linkjones,1
prunejuice,1
juicepack,1
saucemw,1
plastictrans,1
potatodice,1
honeyoats,1
fullred,1
foam6x6,1
vary,1
onionblend,1
whitepaper,1
potatocountry,1
type,1
towelwipe,1
fashioned,1
peeledpotato,1
italianseprtng,1
ua710a,1
andlid,1
liner56,1
frees,1
st9502,1
withrice,1
vegetablecanned,1
pcschicken,1
cup5oz,1
readypizza,1
bodysoap,1
flakedfrosted,1
cookedhamburgers,1
peppersole,1
tapiocasysco,1
lemonsysco,1
dressingcups,1
infant,1
creamcountryrich,1
otcs0559c2,1
withborder,1
mx,1
cheesefeathered,1
machinedetergant,1
peeledtomatoes,1
grainroll,1
mustardpack,1
varietychips,1
rollsausage,1
ccinsulin,1
shopping,1
mandarinoranges,1
teadrinkmix,1
dinexcup,1
elimator,1
greenfroz,1
shoulderclod,1
bakedbean,1
readycod,1
andmoisture,1
thighcoleman,1
withgravy,1
brancrunch,1
springmattress,1
galpump,1
h97501,1
dynd74083,1
toast25,1
canulaswithfoamears,1
hot12,1
onpotato,1
ozyogurt,1
breakfasttea,1
keyplacemats,1
chuckflap,1
snackpk,1
canpot,1
bellpepp,1
saltchips,1
beefpattys,1
tumblerlids,1
potatosouthern,1
reproblk,1
wife,1
hawaiianrolls,1
ease,1
buttonsafetylancets,1
plainchips,1
beginnings,1
canepkts,1
sugarmapleoatmeal,1
pepperblack,1
nutcereal,1
chedcheese,1
borderline,1
mountainwater,1
vitaminminerals,1
impulse,1
chocolatesysco,1
sweet38,1
floretfrsh,1
dustedsole,1
frittercab,1
thrifty,1
pick0103,1
ma000,1
btl00128,1
andbeef,1
beeftenderloin,1
largeprotectiveunderwear,1
potatowed,1
12x17,1
concentrateapple,1
poutsma,1
slicedturkey,1
shelllg,1
ounceclearcups,1
standardwheelchairs,1
applecup,1
krispycereal,1
tripleblade,1
chixbreast,1
hamburgerpatty,1
asprini,1
starwipes,1
beansgra,1
ozgraduate,1
liner38x58,1
wrapchicken,1
batteronion,1
savers,1
doughdinner,1
toastplain,1
rusticcod,1
dpcut,1
pattyjimmy,1
pluschoc,1
blendroot,1
85x11,1
18x14,1
ams8423cp,1
dnj,1
wholereddy,1
goldmashed,1
adultmoistwipes,1
latexlarge,1
ricesysco,1
vanillasysco,1
heartlandbadges,1
tipswithgravy,1
one-step,1
detergentsysco,1
juicecon,1
seasons,1
paper5oz,1
potatocubes,1
classics,1
oziqfcod,1
soymilk,1
inflour,1
jumbobreast,1
floorpad,1
silvermedal,1
vnlpfmedns,1
ozclearcups,1
belongingbag,1
slicedpotat,1
ridgecarecenter,1
cup16oz,1
sugaraddedcocoa,1
whitenapkins,1
redwing,1
slippersocks,1
freshcelery,1
groundchuck,1
barterryribbed,1
henraw,1
pattycab,1
controldisher,1
chipridged,1
beeffrozen,1
lubricanteyedrops,1
dressingkens,1
cupfoam,1
punchbib,1
cookedburgers,1
towelwhtblstp,1
liners56,1
freshlayer,1
pattyfrsh,1
rollswheat,1
rosemarypotato,1
chipbar,1
salmonsliced,1
brightened,1
bagged,1
booty,1
engraving,1
hcs4516bhf,1
mnn29456,1
128oz,1
sweat,1
linkjimmy,1
notape,1
cookegg,1
rolldinner,1
almondmilk,1
mixsf,1
topchicken,1
whiteteaspoon,1
knuckles,1
compton,1
ways,1
sweetfresh,1
paperfolded,1
ozsquatcups,1
kitblue,1
nips,1
babyback,1
gallontrashbag,1
creamsoup,1
ofcrabsoup,1
creamorange,1
nitrileblack,1
foam16ounce,1
and12creamers,1
inbag,1
islanddressingpouch,1
saltseas,1
cheeseomelet,1
waterrinse,1
krispiebowl,1
dollarmushrooms,1
flakebowl,1
savoy,1
servicetowel,1
ozgraduates,1
pulledturkey,1
rind,1
sausaggravy,1
chocolatecookies,1
liner24x24810gllldpeclr04mil,1
earthduetslaundrydetergent,1
multifoldtowel16pk150ctcs,1
saucepkt,1
white3secmedhingedtray,1
hereflagg,1
trimming,1
in1bodywash,1
rollmix,1
marylandcrab,1
smithisland,1
cheesetub,1
andbeansoup,1
goatcheese,1
goudacheese,1
goodness,1
play,1
greenchile,1
andsourchicken,1
800n,1
oliveblend,1
withmeat,1
bbqsauce,1
diorto,1
gauge,1
countchicken,1
treadslipper,1
413b,1
mds10731,1
grillmark,1
mildew,1
mixasst,1
dicepep,1
addresslabels1inx258in,1
batterchristie,1
bordersacrum,1
breastdouble,1
permanentmarker,1
thickenwater,1
nametagmountview,1
butterscotchsysco,1
saucetexaspete,1
beefpatti,1
bleachcleaner,1
icecreamnosugaradded,1
baggy,1
dutydish,1
itcontainer,1
strawberrypie,1
frostedflake,1
towelsmedline,1
compcontainer,1
foamhinged,1
depotcopypaper,1
nice,1
jd,1
pepperpackets,1
ozlobe,1
ctidaho,1
oziqfsole,1
ozsole,1
orangeconc,1
porkrib,1
hamburgerwhite,1
plainpotatochips,1
cheddarmild,1
ozmedicationcups,1
bagbelonging,1
slicedpot,1
uputensils,1
easywater,1
b12500mcg,1
gentleborder,1
biscuitsouthernstyle,1
styletenders,1
alginatesilver,1
compartmenthinge,1
pattyhash,1
heldnebulizer,1
nutchex,1
sauceknorr,1
fruitfresh,1
batista,1
litetuna,1
cookiepecan,1
nav,1
vnlpfmdpklgns,1
loss,1
itpad,1
pitch,1
nitrilemed,1
padnaturalblend,1
freevanillapudding,1
tiepastasalad,1
low-sugar,1
freshcarrot,1
player,1
obs,1
observation,1
itpowder,1
plasticblk,1
onshrimp,1
nitrilexl,1
freecookiedough,1
62d1000,1
whiteturkey,1
foamborderlite,1
chicbreast,1
redpepp,1
stingapplicator,1
sirlointips,1
freshsliced,1
candice,1
tabjacketfolders,1
creamnosugaradded,1
jasminethai,1
killbleach,1
antibiotics,1
thighstrip,1
lat,1
doo,1
chickenwhite,1
manorcarelaser,1
friedchic,1
creamcheesecake,1
38sweet,1
mozarrella,1
substituteyellow,1
yogurtstraw,1
rosemarypotatos,1
dinnerbaked,1
withouttape,1
potatofrenchfry,1
2probecovere,1
feet,1
cups5oz,1
handlecombs,1
ozstyrofoamcups,1
creamdrumstck,1
cakelayer,1
sugarlemonmeringue,1
noodsoup,1
shryellow,1
conmilk,1
beanreddy,1
bd305559z,1
juicehoney,1
caddy,1
edwardblendvegetable,1
whitesliced,1
cupgrad,1
tenderlightpepper,1
stabs,1
chipbbq,1
chipplain,1
madness,1
splitpea,1
cups16oz,1
lambfry,1
emu,1
fruitseg,1
products,1
feedsyringes,1
choppedsalad,1
tracksicecream,1
wickoils,1
shellpast,1
flapmeat,1
andvinegar,1
bbqwings,1
sliceyellow,1
mochafudge,1
ozarkaeco,1
roastedchicken,1
primerib,1
opentomato,1
doughchoc,1
cuptrans,1
katcandy,1
slicedroastbeef,1
sliceturkey,1
ones,1
qtsharpecontainer,1
tipbeef,1
beanwhl,1
vegetablestick,1
heatpump,1
10oztumbler,1
breaststrips,1
knu,1
sham,1
toilettissue4x35,1
ltxexampfnatprogrdmd,1
fryoven,1
lemontwist,1
galtrashliner,1
shrfancy,1
inchfoamplates,1
plasticppwhitemediumwt,1
tagsaber,1
chickendark,1
amswiss,1
freecheerio,1
sauslink,1
nutcherrios,1
cupdinex,1
dressingjug,1
gauzesponge,1
buttfresh,1
cheesegrated,1
galtrashbag,1
norbean,1
rails,1
andbake,1
andhalfcreamercups,1
teabrew,1
intort,1
varied,1
potcass,1
thickfruitpunch,1
stripecookies,1
mixfruitpunch,1
sensations,1
baseseafood,1
soupcream,1
roastsliced,1
creamfudge,1
barassorted,1
angelhair,1
buss,1
adultmoistwashcloth,1
brownpattys,1
bakerpotatoes,1
tipgravy,1
ofroundbeef,1
whitedinner,1
skindiced,1
whitecake,1
colorrotini,1
sugarpkts,1
breadpull,1
polar,1
gallonzip,1
thicklemonwater,1
oxide500mg,1
outcontainers,1
fe,1
cheesefrosting,1
fruitdrink,1
hangingfilefolders,1
germicidalbleach,1
chopbone,1
froze,1
gallonwater,1
irrigationtray,1
sticklers,1
flakedbowl,1
yogurtyoplait,1
containereco,1
andsooth,1
capspray,1
tussindm,1
rubbercatheter,1
conduit,1
waycombo,1
porkbutt,1
drinkingcups,1
halfsscups,1
steakfritters,1
ofspinach,1
anddry,1
chedsharp,1
cutturkey,1
hx756,1
batterpollock,1
seedlessgrape,1
beadcups,1
rollgauze,1
tubingkit,1
thickenedapplejuice,1
sharpshred,1
950blackink,1
951cyanink,1
sliceham,1
doughpeanut,1
mlsterile,1
flakedbowle,1
fruitnogrape,1
cottonellebathtissue,1
catheterholder,1
securementdevices,1
braisechicken,1
breastbag,1
cutspringvegetable,1
pattyprecook,1
packkraft,1
beefentree,1
bandaged,1
ozfoambowl,1
goatscheese,1
stylebiscuit,1
panfracture,1
springswater,1
vinylextralarge,1
juice4oz,1
linkshormel,1
tinychopped,1
lineadaptor,1
sanitaize,1
pronounce,1
slims,1
37xc,1
g2strips,1
nsanitizer,1
creamblackcherry,1
gravypep,1
mixranch,1
breastsplit,1
creamtetra,1
breastairline,1
attend,1
tina,1
eruption,1
limebundt,1
81ham,1
averylabels,1
padcalendar,1
e400iu,1
lemonbar,1
andyeasty,1
linkjone,1
600vitamind400,1
maleguards,1
throatlozenger,1
inchclothtape,1
elwsb2633,1
elwsb3639,1
kc214,1
ouncemedcups,1
sr2002,1
jip,1
onionjulienne,1
roastdeli,1
ofbroc,1
combustion,1
bedsidemat,1
3mgmedline,1
81mgmedline,1
greenbelt,1
pepperpatty,1
contains,1
mfld548kkrftmfk200,1
johnsilver,1
water100,1
popcornshrimp,1
bakedbeans,1
cust,1
ontabdividers,1
edwardsvegetables,1
floorpads,1
grainwhitebread,1
potatocod,1
cutcarrots,1
souprtu,1
isledressing,1
taternugget,1
roastedvegetable,1
resistentsandwichbagg,1
trashclear,1
creamblk,1
cheeselite,1
panclean,1
ringovn,1
beefroundbtmflat,1
forkspoon,1
thickenmilk,1
dicedrosemary,1
cheesebottle,1
beanfrsh,1
granulatedpkt,1
yellowsubstitute,1
tunasalad,1
sauceaged,1
jackmonterey,1
ropefresh,1
parboiledrice,1
dryecolab,1
deskcalendars,1
isle,1
tonercartridge,1
blacksilk,1
sourcreamdonuts,1
raspberrytopping,1
cheddarmacandcheese,1
italiancod,1
strawberrywater,1
inwine,1
chipcookiewrapped,1
linerblack,1
namestags,1
branwith,1
americansli,1
creamcho,1
foamsysco,1
peayellow,1
gallonstoragebag,1
spunkmeyer,1
frcath,1
skinlesslink,1
chickentenders,1
galtrashbags,1
casesmedline,1
andgreenpeppers,1
insulinsyringes,1
peeleddeveinedtailoff,1
chipgranola,1
scratchready,1
multipiece,1
beanspeck,1
sugaraddedbutterpecan,1
peak,1
cinnamonraisin,1
potatoespie,1
cups10oz,1
crabcake,1
ranchpack,1
pld,1
tortilla10,1
hourreportworksheet,1
freshcarrots,1
grainmustard,1
potatocass,1
hardroll,1
oztumblerlid,1
maxmask,1
prepwipe,1
boxapple,1
boxorange,1
crate,1
andhammer,1
managementsocks,1
matscalloped,1
branbulk,1
krispibulk,1
americanwhitecheese,1
gamehens,1
coladacake,1
cocktailsauce,1
frypotato,1
stableorange,1
breastskin,1
towelrolls,1
patty4x1,1
crackercrusts,1
juicecarton,1
two-layer,1
ozcupsclear,1
breakfastsugar,1
slicedpotato,1
yeastdoughroll,1
sodiumbeefbase,1
year,1
75oz,1
volume,1
ec81mg,1
clenzwipes,1
maccheese,1
bodypowder,1
insulatedpitcher,1
dipper,1
tipbana,1
steelwipes,1
creammarble,1
protprofit,1
mustcup,1
glovelarge,1
creambase,1
cheesesli,1
clearplate,1
loinroast,1
belongingsboxes,1
garlicgranulated,1
bowl10,1
sproutfrozen,1
beansalsa,1
6ozbowl,1
aandd,1
bluetop,1
beeftips,1
sidetrays,1
density,1
rollers,1
nursenotes,1
mattpump,1
lt,1
postitnotes,1
100ml,1
greenshred,1
9000btu,1
medpls1ozwlip,1
andonionsalad,1
prismteststrips,1
checked,1
cranbase,1
nutritionaldrink,1
brief2xl,1
hingedlid,1
piececutchicken,1
science,1
ton,1
stablegrape,1
butteralternative,1
blossoms,1
buttonlock,1
noodleswide,1
peasandsnaps,1
cheesepourable,1
tenderfritter,1
puddingsnackpack,1
snackpackpudding,1
r2,1
alebib,1
poppymuffin,1
streuselcake,1
pecancookie,1
freshonion,1
freshonions,1
blends,1
grntip,1
grope,1
groundbeefpatty,1
cinnamoncup,1
pullmanbread,1
linersilver,1
ofinservice,1
sausagepattie,1
latticepie,1
andcheesebites,1
dogfranks,1
borders,1
muir,1
barterry,1
turkeypatty,1
bondcustomcut,1
tongueblade,1
beerbattered,1
potatoewedges,1
cheeseshells,1
vinegarpacke,1
charlesvegs,1
tartcherry,1
sans,1
thickeneddairy,1
applefresh,1
ouncemedcup,1
patty5x1,1
blackcup,1
bunmini,1
noodlemedium,1
rand,1
andbarley,1
serviceglove,1
aerosolmask,1
ceilxl,1
creamsticks,1
andfeed,1
eggsubstitute,1
bloodglucosestrips,1
8pcraw,1
papermedline,1
clothsmedline,1
sheetsmedline,1
chicsoup,1
peascan,1
cinnamonmuffins,1
thickenedapple,1
pastashells,1
antifungalpowder,1
ofwhea,1
osric,1
cup14,1
grainwheatbread,1
urinedigester,1
creampacke,1
supplydividedlegsling,1
dryextra,1
beefstewmeat,1
teasysco,1
darkliq,1
breastfritter,1
purifiedproteinderivativedilutedaplisol,1
oncheese,1
creampancakemix,1
waxbag,1
lb,1
cheesecurd,1
greencabbage,1
hamburgerbeef,1
toastbake,1
wheatdinnerrolls,1
orangesalad,1
westvegs,1
chipregular,1
greenpep,1
hingecontainer,1
bluecups,1
ofcopypaper,1
applesliced,1
macaronipasta,1
freshgreen,1
sausagefresh,1
when,1
betterburger,1
paidbadge,1
breakup,1
dissolved,1
choppedromaine,1
barvariety,1
granolavariety,1
ls,1
extra-large,1
wetultraflshtenaflshbl,1
erc38brblackredfabric,1
6plasticplates,1
beefhotdog,1
breastpieces,1
glovesblack,1
whitealbacore,1
freechips,1
cheddarbites,1
blendmix,1
tubs,1
roastedpepper,1
roastedpeppers,1
boy,1
pattychuck,1
cherrypie,1
skinlesschicken,1
dementhe,1
cleansingcream,1
cardstockpaper,1
mfoldtowels,1
liner30x37,1
dairycream,1
palmetto,1
c250mg,1
setupbags,1
450toner,1
freshness,1
preppadsmedline,1
foodstrg,1
lipoic,1
baseoran,1
chipsbaked,1
pun,1
lettucemix,1
servemix,1
densitysandwichbagg,1
123withpad,1
xlunderwear,1
potsoup,1
chickencoleman,1
fruitsalsa,1
redjulienne,1
cupchoc,1
pumpkinbaked,1
greenan,1
non171330,1
7470lf,1
plusbottles,1
hasbrown,1
dairyhoney,1
tbh01c,1
chews,1
chrbrl,1
liners24x32,1
amersli,1
whlliq,1
slicedpotatoes,1
andgrainbars,1
onlables,1
machinepaper,1
sodiumliquid,1
pitchersandcups,1
protection,1
laundryhampers,1
cakespice,1
plusbutter,1
clothdry,1
hygenbucket,1
5160labels,1
ozheritage,1
claws,1
breadedfritters,1
ottar,1
heavy-duty,1
protectiveointment,1
mlluerlock,1
controlpad,1
inchtortilla,1
vegetablegarden,1
gallonliner,1
cheeseparm,1
upxl,1
cutsandtips,1
sterilegauze,1
largeexamgloves,1
allbeef4x16in,1
breastitalian,1
rumble,1
creamcarrot,1
doughsugarfree,1
topsugarfree,1
potatonugget,1
machinedeterant,1
squashmash,1
piecookies,1
24mc,1
dressinghoney,1
steelscrubbies,1
steelscrubbing,1
prepaid,1
freerinse,1
tenderloinsteak,1
beefhashed,1
matanniversary,1
bottomflat,1
glovesextralarge,1
adultwipes,1
towelwipes,1
sacraldressing,1
dutyfoil,1
longgrainrice,1
yard,1
stylepotatopearls,1
rubcream,1
roastpot,1
sliptape,1
withsnaps,1
highperformancedisposableunderpadlarge23x36greenlatexfree,1
disposal12,1
dinnernapking,1
appleconcentrate,1
pilafwithorzo,1
springroll,1
ozdomelid,1
ales,1
mozzshred,1
vanillamix,1
cutvegetable,1
drycleansingsoftabsorb,1
chilepuree,1
piesquares,1
kraftpacket,1
raisindough,1
free-range,1
dogsauce,1
monitors,1
blendoriental,1
freshdiced,1
linkturkey,1
changekit,1
changekitwchg,1
potmedley,1
herbspread,1
addedsugarmed,1
wearbrief,1
washerdetergent,1
freshwashclothes,1
yellowbuns,1
wrappedwhite,1
iceglazed,1
ozcoldcup,1
doughoatmeal,1
foilturkey,1
louisstyleribs,1
freelemonademix,1
wrappedsteak,1
sliceroastbeef,1
cokecola,1
cockjuice,1
lea,1
amp,1
teadecaf,1
andmacaroni,1
moistwashcloth,1
soursauces,1
andraisinsalad,1
p10735024,1
gp18folddinnernapkin,1
whiteteaspoons,1
tuc,1
chiles,1
soap1200ml,1
oztall,1
endless,1
creamcookiesandwich,1
allmeat,1
oztumblerlids,1
stm,1
clicstic,1
harbor,1
pouchpack,1
nwypg,1
creambananasplit,1
batteredshrimp,1
jellyjar,1
limeyogurt,1
delechecheesecake,1
by,1
grainpasta,1
baguet,1
krispee,1
juicemotts,1
withhinged,1
galloncanliner,1
blacktoner,1
ozmeatball,1
fashionedoatmeal,1
20lb,1
tomatosalsa,1
freebrownie,1
englishmuffin,1
crackershells,1
dum,1
n1foam,1
sterile4x4,1
cubbedsteak,1
sticpens,1
beanscut,1
uns,1
dicedark,1
roastpork,1
nag,1
carrotfroze,1
andserveturkey,1
parchmentpaper,1
offorestpie,1
corndeli,1
shelllarge,1
odoreliminator,1
andplasticcleaner,1
trachtie,1
labels5366,1
formedicine,1
catheterinsertiontray,1
cysteine,1
gingeralediet,1
whitespoon,1
seasonsalt,1
saniwipes,1
armsleeves,1
antifungalcream,1
peppermix,1
sidcup,1
andcheddarcheese,1
islanddressingjug,1
milkgallon,1
conevanillamini,1
nasalcannulas,1
dough12,1
pattyround,1
beancornsalad,1
petals,1
sugarpkt,1
controller,1
beefbarley,1
edwardvegetableblend,1
pcchix,1
sugarpack,1
crescentrolls,1
beefsteakeze,1
fuse,1
platinumbloodglucoseteststrips,1
puffbulk,1
applepies,1
andcheesewedge,1
andbutter,1
keylimemeringue,1
marinarafullred,1
dietcokebag,1
baseraspberry,1
cookiechocolatechip,1
container9x9,1
alebag,1
andhalfcreamercup,1
lemoncream,1
andonionblend,1
90ct,1
serv,1
driedtom,1
rollfriday,1
rollthursday,1
rolltuesday,1
andpanpink,1
basevegetable,1
roundhay,1
amphospitalgradeduplexreceptacle,1
redbell,1
creampuffs,1
breast6oz,1
grillsalmon,1
nutcheer,1
chilipowder,1
grown,1
greenplacemats,1
rawlins,1
thickpomegranatewater,1
andorzo,1
yeastroll,1
cakemixgm,1
onionjumbo,1
ring38,1
broccolislaw,1
bakingpot,1
ozclearrigid,1
80ablacktonercartridge,1
tacwipes,1
rollsaturday,1
rollmonday,1
fryvegs,1
plasvent,1
throatspray,1
embolism,1
plasticlids,1
batteredcorndog,1
fillingapple,1
greensplit,1
yellowslivered,1
compartmenthing,1
glasscleaner,1
bellied,1
creambutter,1
creampeppermint,1
sausagegumbo,1
randombreast,1
sproutsfrozen,1
beefmaggi,1
whitenongmo,1
italiangolden,1
soapenmotion,1
trimmings,1
chefsline,1
chipraw,1
chipruffles,1
chipsruffles,1
keylime,1
brass,1
asiagoblendvegetable,1
inflow,1
thickdairydrink,1
inchwrap,1
12x11copypaper,1
creamcoconut,1
chickenfilet,1
creamnov,1
carnitameat,1
breastfc,1
topstuffing,1
applerings,1
anddumplingsoup,1
sheldon,1
vanillartu,1
coldwatch,1
subsoy,1
merrie,1
withsilver,1
straightcath,1
briefadultsize3bariatricxl,1
adultbriefs,1
intortilla,1
waxbags,1
sugaraddedmightyshakes,1
queenwasher,1
slottedlids,1
scramegg,1
fajitastrip,1
moo,1
andgrillshortening,1
juicepast,1
wovengauze,1
babyray,1
youbags,1
qtsharps,1
tolietseat,1
clods,1
12creamer,1
12creamers,1
conechamp,1
conechampvanilla,1
colbyjackcheese,1
uptea,1
countryrich,1
ey,1
andbroccoli,1
oaksmokedsausage,1
gelglucose,1
bottleadapter,1
salts,1
saucesweet,1
tray3cmpt,1
dressingpouch,1
sausageskinless,1
plusnapkins,1
gallongarbagebags,1
perez,1
wheatclub,1
longgrain,1
shampoobody1000ml,1
lidscup,1
60x104,1
hereflag,1
canulla,1
22fr,1
stingwipes,1
beansrice,1
8ozfoam,1
meatlasagna,1
toppinginabag,1
sorbact,1
barrierwipes,1
catheterinsertion,1
dia,1
washclother,1
cutcod,1
frselfcath,1
cannulawithcushion,1
thickenedcranberry,1
positemp,1
irons,1
mattresses7622,1
withlid,1
12ccluerlock,1
bumperpad,1
cath20fr5cc,1
onantiperspirant,1
nursenote,1
91hh,1
live,1
wrapspoons,1
butterpretzel,1
sodiumbase,1
andsourcabbage,1
unbrea,1
fi,1
carrfroz,1
carrotfroz,1
andspan,1
fungialcream,1
covers6000,1
inchwafer,1
frostedmini,1
compartmentbox,1
andpanlavender,1
whitepotato,1
sockaids,1
beatrice,1
smokedpork,1
bylabels,1
dogrolls,1
floretfresh,1
vanillayogurt,1
greekvanilla,1
12ozfoam,1
cranberrythick,1
cano,1
noddlesoup,1
mates,1
thickprunejuice,1
thighfresh,1
caplets,1
leafcrowns,1
syntheticgloves,1
saltpepper,1
pulltowel,1
spotremover,1
aklor,1
121500ml,1
clockradio,1
coatedaspirin,1
jrlegalpads,1
stickynotes,1
receiptbook,1
makers,1
n1,1
dairywhip,1
pls,1
beeffranks,1
panrack,1
panrackcover,1
coasting,1
extrastrength,1
penneedle,1
foamsoap,1
thaworange,1
freshair,1
eggwhites,1
basesoupliquid,1
creamespresso,1
crackerpiecrust,1
johndonut,1
inchfilmwrap,1
ftcannula,1
scrubpads,1
houserolls,1
ozburger,1
ozcoldcups,1
nutcookiedough,1
chipmuffin,1
beerbatter,1
largefresh,1
beansverts,1
halfcups,1
chaircushions,1
pattyjimmydean,1
peachdrink,1
liners60gallon,1
baking120,1
paperenvision,1
tmblr,1
drsgpouch,1
lance25g,1
dressingpack,1
vol,1
pureclover,1
frenchcut,1
50ct,1
moistwashcloths,1
pistonsyringes,1
lightfixture,1
sidebag,1
ringwristcoils,1
pecanice,1
icecup,1
vacuumbags,1
bellcords,1
brisketraw,1
bulk80fine,1
brulee,1
fityogurt,1
creamdrum,1
cabbageshred,1
foreshank,1
caramelbrownie,1
flushmountlights,1
oatmealcookie,1
chopsmoked,1
marbleicecream,1
wins,1
enver,1
buttercrakers,1
pastelcreamcopypaper,1
zealandlamb,1
rollfrench,1
saucefancy,1
icensa,1
allpurposecleaner,1
tomatoefresh,1
advancedhandtowelroll,1
wastecontainer,1
basicsliquidhandsoap,1
woodrow,1
shl,1
rulenotebook,1
potatoesoup,1
steelpad,1
washstation,1
inoil,1
gelcup,1
cornsyrup,1
notedpopup,1
linerblue,1
glovesmed,1
foamcushion,1
potatoesalad,1
ziplocbag,1
ozcuplids,1
creamepie,1
sweetenedmilk,1
roastclod,1
cutspring,1
beansala,1
viewfinder,1
whitecaulk,1
meatcooked,1
whitemeat,1
styleexpanding,1
cranberrybib,1
matepens,1
liftboots,1
batteronionring,1
leftenvelope,1
boardcleaner,1
8ouncelid,1
sanitizer1200ml,1
grainandwildrice,1
upsafety,1
15x1820ozribbedterrytowel5dz,1
yr,1
tipped,1
ambubagg,1
p10750625,1
pievanilla,1
texastoast,1
chairpads,1
greentea,1
m630,1
crustedchicken,1
creamnovelty,1
andcheesechicken,1
ouncecupsclear,1
krunchpie,1
cheesepackets,1
stuffedchicken,1
breastgrill,1
forteaglasses,1
compartmentfoamplates,1
24x3312mic,1
superglue,1
onrope,1
italianlink,1
toppingbag,1
registerbook,1
951yellowink,1
pecansauce,1
largefoodpflatex,1
ucxtadvancedstaffpendantforallucxtorec9afterjanuary2013,1
hotchocolate,1
patty51,1
cookdou,1
krispe,1
cartsbags,1
pattysea,1
ruthcandy,1
peanutcandy,1
coolercookie,1
pancakebatter,1
oilgarlic,1
oliveoil,1
americanlettuce,1
stripgrilled,1
ribboneless,1
clodheart,1
blackxl,1
ontrashcan,1
juicewhite,1
ozcont,1
rollkitchen,1
antibioticoint,1
prise,1
outside,1
unsweettea,1
breastice,1
styledetergent,1
pattyturkey,1
puffshell,1
yukonpotatoes,1
49atoner,1
depotinvisibletape,1
yellowjumbo,1
powderlight,1
beefmeat,1
sheetprotectors,1
grbuk,1
waymixedvegetable,1
dairythick,1
fishnuggets,1
serynge,1
beefpattie,1
drainopener,1
glidecaps,1
branmuf,1
dutyfloorcleaner,1
chow mein,1
wildrice,1
largefoodservice,1
vegas,1
braisepork,1
rolltissue,1
onionsoupmix,1
tbrtu,1
redpotat,1
beefbulk,1
nursingnote,1
cruiser,1
linekit,1
blendjuice,1
hotsauce,1
mashedinstant,1
islandcake,1
pepperpacket,1
frenchonion,1
italianwedding,1
cutout,1
stewcan,1
pk,1
conccran,1
scentgel,1
tier,1
vitaminwithmin,1
bagcover,1
greekpouch,1
chipvariety,1
sharpcheese,1
hngclr,1
sodiumcheese,1
chiplay,1
goldenitalian,1
dominopacket,1
freevanpudd,1
folders614430,1
fanremote,1
oatroll,1
wabi,1
adherentpads,1
peppersmix,1
colorcarrots,1
beanburrito,1
breadedfish,1
shampooandbody,1
baconsoup,1
tyleno,1
slottedlid,1
spinachrav,1
tipsirloin,1
redtomatoes,1
groundmustard,1
gradeegg,1
penblue,1
legrest,1
superabsorbxl,1
andservefrenchtoast,1
liteitalian,1
dressinglite,1
pressuremonitors,1
sanitizerrefills,1
extinguishers,1
removers,1
housedecaf,1
eastvegetableblend,1
medicinecups,1
brownepattie,1
sodium100mg,1
liner10gallon,1
carealert,1
tomatoejuice,1
stylepotatoepearls,1
hoses,1
rumicecream,1
pudmix,1
inchmattress,1
pst,1
ozmuglid,1
largeunderwear,1
primeplus,1
vitaminandminerals,1
creampeanut,1
buttercupice,1
pralineicecream,1
andegg,1
cheddarsauce,1
hormellinks,1
papersoup,1
linkssknls,1
linksknls,1
wedsoup,1
402a,1
graindough,1
greekyogurt,1
lpf,1
packchocolatepudding,1
maxnebulizer,1
nightgreen,1
cupwithlip,1
armcommode,1
glycol83oz,1
22inch,1
chickenlegs,1
forestpie,1
cashreceiptbooks,1
purposeseasoning,1
brightbleach,1
beangra,1
packingtape,1
gallonbucket,1
aplicators,1
colorpaper,1
fired,1
progressnote,1
thickendecafe,1
potpuff,1
ventheater,1
8ozcups,1
fancyfresh,1
pflarge,1
creamcinnamon,1
creamblueberry,1
creambirthday,1
jacksliced,1
wholepld,1
gravypepper,1
gravypeppered,1
fin,1
hpdisposal,1
meatdiced,1
cookiered,1
beef7oz,1
redonions,1
beanandcorn,1
potatocrinkle,1
bistrocake,1
border3x3,1
border4x4,1
inchpapertape,1
toiletwandrefills,1
florentinesoup,1
cabinpancakesyrup,1
bathtowels,1
shouldertender,1
copierpaper,1
ribrav,1
lemonnectarthick,1
alginateag,1
61black,1
peeledcarrot,1
ciliegn,1
plasticwrapped,1
earcovers,1
adultwashclothes,1
gelpainreliever,1
packetyellow,1
yellowonion,1
shreddedcarrot,1
5galbravoloodorfloorstripper,1
sausagecrumble,1
creamwedge,1
thickcoco,1
beanscanned,1
strawberrybanana,1
ezsip,1
passvanilla,1
ricecrispy,1
onwhiteheatlabel34x3,1
918x95natmultifoldtork,1
floorsigns,1
ozturnberry,1
addresslabels,1
nsw,1
hagen,1
agitate,1
vegetablesfrozen,1
fenwicklids,1
fishsquare,1
linenlike,1
sliceswiss,1
softy,1
ofdiet,1
transculent,1
wateraid,1
keytags,1
papertowelrolls,1
receptacles,1
dustmop,1
agfoam,1
vaccumbreaker,1
bloodpressurecuff,1
charlesblend,1
high-protein,1
inchhoagie,1
stockingsxl,1
5ozcup,1
flexstraws,1
rosewashbasin,1
strawberryshake,1
in1washcream,1
rechargeablebatteries,1
inchmanilafilejackets,1
oil500,1
liners38x58,1
postop,1
stretcheverydaypantsmall,1
mixcombo,1
ma00,1
nb3381,1
bt,1
5x9,1
cheddarpopcorn,1
antonio,1
andrea,1
3402imc,1
wgbtag10003y,1
viewapplication,1
flexylite,1
pluscans,1
tr20588,1
nr,1
upsticky,1
2503imc,1
fk0100,1
hcs63002h,1
hcs4555,1
mds096084,1
gl2000,1
otc13pj,1
orcs,1
ctr000,1
ctr00041,1
clears,1
ozpapercups,1
bananacream,1
cherryraw,1
thighfire,1
greenapple,1
nutroll,1
onionjulien,1
branmuffins,1
cranberrysauce,1
kevlar,1
stylesweetpot,1
gingerground,1
ofbrocc,1
budd,1
downcherry,1
wafflemix,1
chocolatemilk,1
shoes,1
laminatingsheets,1
andturkey,1
mediumunderwear,1
tenaunderwear,1
dairymilk,1
squashfresh,1
mixedlettuce,1
sla,1
ofpeanut,1
potatfry,1
ste,1
ofabsence,1
porkshoulder,1
fostercake,1
crisps,1
freshdel,1
beanswhole,1
pressed12,1
sliceyel,1
medplus17,1
andserve,1
mashcomp,1
heatandserve,1
ataglance,1
wrappedstraws,1
sulfatemedline,1
crushermedline,1
80mg,1
panmedline,1
krisptreat,1
lobechickenbreast,1
turkeylinks,1
digest,1
dryersheet,1
x17in,1
retractablepens,1
agadhesive,1
gro,1
urethralcatheter,1
8shiley,1
fridays,1
capsule,1
plasticspooned,1
rinsefoamingcleanser,1
killwipe,1
powderorange,1
remote-control,1
medline8ozkiw,1
lifecolostomybag10bx,1
g2teststripscs600,1
portdressing,1
nabcconc47162liter,1
cf280xctonerblack,1
950p,1
hotoats,1
ha,1
within,1
positionrecliner,1
cath16fr5cc,1
freepancakemix,1
soupspooned,1
creamcrunch,1
colortortilla,1
fatmuffinmix,1
herbaltea,1
thightempura,1
hea,1
dustpan,1
toptopping,1
openers,1
saralee,1
fracpack,1
ozbun,1
dryonion,1
tallcups,1
sweetpeas,1
poppies,1
shortcakebars,1
marissa,1
dryerase,1
styleporkrib,1
fatranch,1
peanutbuttercrackers,1
fryshoestring,1
inchfauxwoodblinds,1
2probecovers,1
mixpunch,1
buttercheesecracker,1
crackertartl,1
creampuck,1
wingboneless,1
doughsf,1
paperhot,1
jopotato,1
freefruitpunch,1
white160,1
gloveblack,1
fillingcherry,1
juicefrz,1
beansfrozen,1
shellgraham,1
choybaby,1
cheesewhip,1
cheesewhipp,1
topbleachwipes,1
plateblack,1
wrappedchicken,1
prismbloodglucoseteststrips,1
gallontrashliners,1
ziplockbags,1
industrial,1
seasoningmix,1
inhalationwater,1
mlsterilewater,1
panpontoon,1
teeadapter,1
roastcoffee,1
withvitamind,1
beanpatty,1
scrubtop,1
cutblend,1
ozsouffle,1
examvnylpfmed,1
tenaserenityovrnt,1
mntenaxlg4464,1
tenaprotectiveplusxlg,1
andahalf,1
roundroast,1
goods,1
peeledpot,1
underwearsmall,1
crumbcake,1
bakeddinner,1
britesponges,1
carewipes,1
lemonadebib,1
tortsoup,1
consomme,1
ntburger,1
ntburgers,1
bakepotatoes,1
slifrsh,1
beeffresh,1
creamchicken,1
frshfloret,1
flav,1
babyfrsh,1
groundfrsh,1
linkpork,1
branindividual,1
granulatedpacket,1
frostedflakeindividual,1
freshjumbo,1
babywhole,1
carrotwhole,1
potatopearl,1
decafsysco,1
romainefresh,1
romainechooped,1
coldcups,1
recipe,1
separator,1
brownshreds,1
tissuecoreless,1
alwaystender,1
hospicepaidbadge,1
inplatefoam,1
matsmosaic,1
chickenwht,1
compcont,1
strawberrygreek,1
teastash,1
deveinedshrimp,1
whippedtopping,1
grainblend,1
handtowell,1
beeftvp,1
whitelaminate,1
whitelaminated,1
pattyckd,1
papertissue,1
dogbread,1
seatinsert,1
handpendant,1
filefolde,1
1yr262khzid,1
saladranch,1
plasticgallon,1
ouncefoamcups,1
cutpotatos,1
romainblend,1
agextra4x5,1
skinprotectant,1
ofcranberry,1
rappers,1
mountaindew,1
supersweet,1
cutfries,1
fruited,1
creamvanbean,1
cannula14,1
flakecrumb,1
chlorideflush,1
drawerpockets,1
cup9oz,1
fungalointment,1
redleaf,1
breastiqf,1
cleantelevisionremotecontrol,1
withcheese,1
creamofchicken,1
blendkeurig,1
charvel,1
mu,1
creammedline,1
steakseason,1
potjumbo,1
beanbrd,1
withwildricesoup,1
squashrav,1
friedshrimp,1
andched,1
hingedthreecompartment,1
steakmeat,1
hotcups,1
vegetablestew,1
stylesteak,1
neutralfloorcleaner,1
itchcream,1
mix5way,1
shorelinelids,1
thighsboneless,1
buffer,1
easytoiletaid,1
snackvan,1
buttercrackes,1
tn650,1
capsules,1
bagsyringe,1
softtissiue,1
cause,1
cupsysco,1
cocktailbase,1
blacksysco,1
pell,1
fruitsegment,1
potcasserole,1
saucewithtomatobit,1
x36in,1
breadsliced,1
rests,1
beltalarms,1
wrappedplasticspooned,1
flexbrief,1
slopemattress,1
foamheel,1
quatern,1
elimantor,1
trayfoley18fr,1
foamsacral,1
scrubcleanser,1
biscuitdough,1
handlesponges,1
orangepaper,1
skidtape,1
teafilters,1
celeryseed,1
sodiumbreakfastsausage,1
cubs,1
dairyliqui,1
bowlmug,1
jackshred,1
montereycheese,1
cri,1
powerplus,1
buttericecream,1
cheesedressingkens,1
gallonstoragebags,1
catheterkits,1
ultrabriefs,1
vests,1
tablecovers,1
daypads,1
oxybrite,1
meadowrtu,1
melting,1
vinylpfclear,1
berryensure,1
panspray,1
lever,1
tubeholder,1
ink60,1
label5160,1
chicksoup,1
saltlawry,1
andgrout,1
halfmilk,1
cornebeef,1
mailboxes,1
grapecup,1
carbsteady,1
pattiesfresh,1
61ink,1
mouses,1
juicethirster,1
turkeysliced,1
lemoncake,1
cleansertablets,1
enham,1
ceilm,1
cells,1
administrationset,1
ceilbluetop,1
khaki2xl,1
depotpaper,1
ink951,1
basenomsg,1
sausagecrumbles,1
peppergoudabisque,1
vanillapump,1
baseknorr,1
nightcrusher,1
medicationcups,1
goldpotato,1
clearplastic,1
halfgallon,1
bunpretzel,1
blend8020,1
sweetcream,1
blendcali,1
chocolatemac,1
vealpatty,1
fac,1
beefslices,1
forstroganoff,1
doughlid,1
sliceapple,1
solocups,1
hormelblk,1
cherryvanillaicecream,1
greenpeppersoup,1
laid-out,1
saladoil,1
nutcookie,1
potpiefilling,1
stuffedshells,1
dam,1
80xtoner,1
styrofoamcup,1
chocolatemeringue,1
sweetyeast,1
purposewipe,1
solublebags,1
cakesyrup,1
iii,1
solidsolitaire,1
dinnerwindsor,1
plasblk,1
barribbed,1
withstraw,1
noodlesou,1
foamhng3comp,1
steakpatty,1
soluablebags,1
thistle,1
cupwithhandle,1
extreme,1
festa,1
jas,1
guardiancanister,1
softer,1
fastcath,1
adultmask,1
farms,1
andpeppershakers,1
blackinkpens,1
blueinkpens,1
grabbars,1
inchhorizontalblinds,1
woodfrill,1
breasttenderloin,1
muffinthomas,1
galziploc,1
bellford,1
observationworksheet,1
alcan,1
ozrigidcup,1
ctorange,1
ozairline,1
iqfcod,1
iqfsole,1
cranberrypie,1
cinnamoncheerio,1
bluepens,1
seeded,1
wayfruit,1
lgbrief,1
cheesecasserole,1
whitebalsamic,1
whitebag,1
crackerpie,1
strawberrycake,1
cheeserice,1
cranconc,1
appleconc,1
bladed,1
portioncups,1
eggpuree,1
cupchocolate,1
dashpot,1
15can,1
bagsblack,1
seeddress,1
bunglossy,1
patty4oz,1
pdiwipe,1
tipapplicator,1
floats,1
4728topkhakismall,1
4005pantskhakismall,1
pants4005black2xlarge,1
pants4005blacksmall,1
pak12ozcup,1
incident,1
border6x6,1
mlsalineflush,1
whitecheese,1
shirtbags,1
meatfrozen,1
armpads,1
krispibowl,1
babylimas,1
allergic,1
freshnerrefills,1
cushionnasalcannula,1
cc29g,1
plainsliced,1
beandecaf,1
beanspec,1
bind,1
foamround,1
creamloaf,1
depotletterfilefolder,1
americancheesewhite,1
officechair,1
runner,1
shortened,1
pearlsexcel,1
ccsyring,1
softenersheets,1
wheattortillas,1
cloudbeefpatty,1
cannedpotato,1
chucksteakburger,1
stableapple,1
cleansingwipes,1
bowl10oz,1
lowsodium,1
galteabags,1
gallonteabags,1
brewtea,1
doughcheesygarlic,1
friedfish,1
ampfuse,1
lid8oz,1
onacob,1
withflushbag,1
buttonsafetylancet,1
mea,1
cakeroll,1
chipmint,1
tracheostomymask,1
chipscookie,1
andjelly,1
hullpea,1
houseroll,1
basechi,1
insidetop,1
hardware,1
andpeppersteak,1
grainpancakemix,1
sourcreamchips,1
milks,1
vnlpflg,1
emulsions,1
siliconefoamdressing,1
agent,1
beansandrice,1
t652,1
brownlight,1
cakedevil,1
bellgreen,1
mixsausage,1
mixfree,1
greenshredded,1
dicechicken,1
hydrocolloidthin,1
panpaper,1
mailinglabeled,1
vitaminswithminerals,1
dressingsponges,1
itnoteslined,1
tonerh815dw,1
toners2830dn,1
grips,1
kraftuniversalmfoldtowel,1
coding,1
hydrogelwounddressing,1
millaminatingpouches,1
papersilverware,1
crusherbags,1
inchwheelchair,1
baskets,1
x37canliner,1
x24canliner,1
andklean,1
enmotionrolltowel,1
baconglaze,1
numbers,1
removerpad,1
allynprobes,1
scales,1
gurney,1
alginatedressing,1
dippers,1
sterilekerlix,1
treatvan,1
gauzesponges,1
bluecopypaper,1
bluepaper,1
sugaroatmeal,1
pepsibib,1
seatbelts,1
cheesepkt,1
potyellow,1
bliss,1
locontrol,1
tight,1
crackerhoney,1
witham,1
totspotatoes,1
pestosauce,1
belle,1
cathtrays,1
wallet,1
plusunisex,1
lovers,1
itpads,1
coverwhite,1
mashpotatoes,1
stewdeluxe,1
anddumplins,1
canepkt,1
peppersyrup,1
saucepkts,1
wheatcereal,1
litepkts,1
oftheround,1
platefoam,1
ranchdressingpacket,1
ahoycookie,1
charm,1
pomwater,1
bd0165si16,1
belongingsbox,1
finepoint,1
pewter,1
side-table,1
softenertabs,1
potfrie,1
holepunchpaper,1
ozstyrofoamcup,1
files1part,1
lbpaper,1
cranberrysupplement,1
gaypatch,1
hn1500,1
breadedokra,1
bot,1
chicken5oz,1
creamcrunchbar,1
glazedwings,1
pepperpouch,1
chunkcookie,1
sugarfreecookie,1
stewfrozen,1
freecake,1
hamtavern,1
erasedividers,1
sourpork,1
william,1
shopcoffee,1
lions,1
grams,1
logs,1
plansummary,1
subjectnotebook,1
brownspotato,1
beansitalian,1
andbeefy,1
plasticportion,1
italianice,1
cakeyell,1
bur,1
gre,1
blacking,1
mixspice,1
potatoefry,1
erasetabs,1
bottledwater,1
sausagetoppings,1
smo,1
lemonpepper,1
calorielemonade,1
concentratefrzorange,1
ozcran,1
ozcranberry,1
trackicecream,1
laundryhomestyle,1
virgin,1
plasticbowl,1
blueberrycookie,1
chilibeans,1
icecreamcon,1
sugaraddedvanillaicecreamcup,1
goudasoup,1
glazedchicken,1
goldpot,1
extra-long,1
sherbetcups,1
cookiedoug,1
legged,1
lemonsoda,1
sodalemon,1
finnis,1
liquideggs,1
plateplastic,1
roe,1
saladsour,1
butterbistro,1
sparklingjuice,1
coloryellow,1
onthestick,1
doughsheet,1
steakseaoning,1
potatopatty,1
1000island,1
breadokra,1
saltwparsley,1
breadmuffinmix,1
dresspacket,1
dressing-up,1
mozzwholemilk,1
dies,1
skinpotatoe,1
job,1
inflates,1
regularcoffee,1
smiths,1
110ml,1
mlinsulinsyringe,1
relieftablets,1
cups169505,1
assisttoilet,1
mounts,1
machinesanitizer,1
strengthtylenol,1
could,1
company,1
embolismstockings,1
12carton,1
gentlest,1
laundryred,1
chipfrozen,1
rollbackdevice,1
cupsfoam,1
airlossmattress,1
tipsuctiontubing,1
sprouted,1
wattbulbs,1
nipple,1
x4labels,1
appointmentbook,1
complexvitamins,1
badgemagnet,1
s31,1
15cans,1
participationrecord,1
nasalcanula,1
20x40,1
thinkingkit,1
breastlobe,1
woundgel,1
employeebooklet,1
pencilsharpener,1
nightpillcrusherpouches,1
paper2ply,1
rightposters,1
warmupwhite,1
freshenerdispenser,1
softenertablets,1
adhesivedressing,1
receiptsjournal,1
pen05mm,1
feedingepump,1
tool,1
sconce,1
machines,1
paperholder,1
amphospitalgrade,1
disposablegloves,1
shoelace,1
choiceoverbedtables,1
1616c,1
1620c,1
callcordrepair,1
shippinglabels,1
receiptjournals,1
jojjbip1012,1
belongingbox,1
compartments,1
musk,1
chipssemi,1
rollsliced,1
entre,1
washwalk,1
calorie,1
hunger,1
legstraps,1
blackjacket,1
jacketcharcoal,1
jacketsblack,1
in1cleanser,1
hosexxl,1
frcatheters,1
gallonziplockbags,1
lemonhoneythick,1
chainstring,1
feedingtube,1
floated,1
grahamcracker,1
unisextop,1
blueladiespant,1
fruities,1
spe,1
toweldispenser,1
standardwheelchair,1
ozglass,1
bedremotes,1
quatsanitizer,1
water-soluble,1
crusherspouch,1
pinkfloorpads,1
searchbooks,1
heelprotector,1
parmcheese,1
fritterstrips,1
greenonion,1
wrappedknife,1
wrappedspoons,1
pullmanwhite,1
parmesanshr,1
chowderboston,1
inchcontainer,1
yogurtplain,1
spoonedwrapped,1
beefbeef,1
raisincookiedough,1
yogurtvanilla,1
chowderclamboston,1
oftomato,1
spaghetti10inch,1
peanutbuttercracker,1
ctpotatoes,1
frshtomato,1
pepperjalapeno,1
wedgepotato,1
calender2019,1
easel,1
suffers,1
pantstealfunamentals,1
toptealfunamentals,1
packed,1
topmen,1
cargopantmen,1
asprine,1
blueanglev,1
bluecargopantladies,1
insulatedpitchers,1
pantsand,1
zipfronthunter,1
stickers,1
topsand,1
sausageburrito,1
stylesheet,1
blendpacific,1
louisporkribs,1
yellowcake,1
5ouncecups,1
buffetham,1
deskcalendar,1
oncan,1
traps,1
bellclips,1
datacollection,1
stems,1
technologies,1
bedpendent,1
os,1
b1100mg,1
inwalk,1
dotrice,1
andcheeseburrito,1
klenee,1
potatoefried,1
carn,1
pascal,1
sasauge,1
chocolateshake,1
cabbageshredded,1
milkpowder,1
upxxl,1
ringed,1
ink331,1
55544bamd,1
trmb250,1
compartmenttray,1
thighbonelessskinless,1
420drum,1
shakechocolate,1
krispiesbowls,1
grilledchicken,1
thickcran,1
quiches,1
creamsauce,1
grainpancake,1
andpans,1
curtainhooks,1
sculpture,1
sheetedmicrofiber,1
rollstretch,1
starchpowder,1
toner05a,1
tape1inch,1
brother820,1
hp26a,1
potatoefrys,1
cookiesdough,1
toner820,1
italiabulk,1
matepen,1
goodies,1
packetsugar,1
potatoechips,1
basepineapple,1
treatorange,1
noodlossoup,1
orangessysco,1
addresslabel,1
brisquet,1
nitrileblacklarge,1
blacknitrile,1
halflaptray,1
cutkey,1
suprchick,1
tenderpork,1
should,1
cheesepizza,1
chewcookie,1
raisinbranbowl,1
beanpole,1
bandagepremium,1
cloth62,1
butterfudge,1
truck,1
barnutrigrainblueberry,1
creambunnytracks,1
rod,1
lamps,1
10br3041k,1
200ink,1
spillkit,1
irreg,1
stickynoted,1
cupcoffee,1
saladfork,1
pepsican,1
soufflepaper34oz,1
steelscrubbie,1
fr,1
withneedled,1
ofwheta,1
crushbags,1
motors,1
rollparkerhouse,1
peppershakers,1
doughrolle,1
freeseasons,1
shelvingunit,1
me,1
greencopypaper,1
yellowpaper,1
collectioncontainers,1
towelswhite,1
krispiecereal,1
d3400,1
fudgepudding,1
andtile,1
protesters,1
g2refill,1
plasticmedicine,1
linedressing,1
prepalcohol,1
prepalcohols,1
pressurecuffs,1
calendarrefills,1
cutmanilafolders,1
withtee,1
hotpacke,1
withzinc,1
throw,1
chloridetabs,1
bleachcreamcleanser,1
creamcleanser,1
bordergauze,1
anddoint,1
8ozdartstyrofoamcup,1
white3sec,1
stabbed,1
sectionfolders,1
linernatural24x338mic,1
palmshield,1
polish32oz12cs,1
ironon,1
bpcuff,1
cleaningtablets,1
padsandcartridgeforphilipsheartstartonsiteaeds,1
allynsuretempplus690,1
cartridges,1
thickenedcran,1
chickenbreasts,1
images,1
upcones,1
punches,1
floorfinish,1
adherentpad,1
kraftmultifoldtowel,1
instanthandsanitizer,1
dischargeboxes,1
preferencettissue2ply550sheets,1
airfilters,1
matting,1
handsplints,1
thrustcushions,1
gurneypad,1
showerchairs,1
chairarmpads,1
gripspoons,1
pulseoximeters,1
paperdispenser,1
x48canliner,1
padalarms,1
thrust,1
ceilinglight,1
driver,1
bulbt8ballast,1
cleanupkits,1
stickelectrodes,1
saltgardenseasoning,1
saltgarlicherbseasoning,1
uptoasters,1
itiliansausage,1
navybeans,1
stations,1
laces,1
brusselsprout,1
sweetpota,1
slicedpota,1
doorlock,1
supplylines,1
gently,1
muglid,1
tubesyringes,1
tubesyringe,1
eraseboards,1
foamdressings,1
nobeans,1
creampies,1
peppercornsauce,1
andblackbeans,1
batteredzucchini,1
foodmuffins,1
buffetbnlsflat,1
solidpowerxl,1
foral,1
forcomputers,1
mlinsulin,1
strippingpads,1
lacey,1
elimation,1
residentyellow,1
desserttopping,1
255x,1
18vbatt,1
soubase,1
assignmentsheet,1
filefolded,1
frfoleycatheter,1
cloroxproquaternary,1
chew81mg,1
toners2830,1
qtgold,1
papercups,1
tem,1
urinestool,1
syringesinsln,1
receipts,1
sodtab,1
anddate,1
sheets66x104,1
cottonapplicators,1
packingstrips,1
tipper,1
controlpendant,1
choccookie,1
stylechick,1
chickendice,1
cheeseken,1
squashfrozen,1
vanillaplus,1
supplies,1
deskstylehighlighter,1
assortedred,1
redshred,1
hotcreamy,1
american160,1
cheddarshre,1
creamstyle,1
cookiesugar,1
reddice,1
nave,1
oftransfer,1
gravybisc,1
gravybiscuit,1
beefcube,1
creamofmushroom,1
07cuftcountertopmicrowave,1
rollercover,1
posribbon,1
varietylight,1
ouncebowls,1
hrreports,1
mlneedles,1
greentomatos,1
mailinglabell,1
disinfectantwipes,1
babychewable,1
breastfilet,1
rollnugget,1
pulls,1
baser,1
tzetape,1
crackershell,1
hotter,1
breastroast,1
fruitsupreme,1
deflector,1
fibermophandle,1
bolts,1
signholders,1
chocake,1
largediaper,1
plasticwht55,1
mateinkjoy,1
boardstripper,1
rea,1
a lot,1
ozcontainers,1
caloriejelly,1
creamchips,1
lotion1000,1
lotionhandsoap,1
bakerpotato,1
coloredpasta,1
redgreenpeppers,1
redandgreenpeppers,1
buffalosauce,1
mealselfrising,1
frenchvanilla,1
creamerss,1
chipsplain,1
bears,1
andredpeppers,1
microkillwipes,1
talkies,1
quartbagzipseal,1
miniblinds,1
galblk,1
watt,1
signholder,1
codchips,1
mailinglabele,1
medgrad1oz,1
paperjombo,1
fileboxes,1
cf226xblacktoner,1
browngold,1
subpackets,1
groundmeat,1
homestylesoup,1
handledcup,1
fiberrags,1
greenbea,1
warmer,1
strawberryplus,1
beanfancy,1
nodules,1
iron150,1
records,1
skidsock,1
splittop,1
ozlotion,1
ozplastic,1
quartsharpe,1
mounted,1
mixpuree,1
liner60,1
instantbreakfast,1
juicecran,1
soufflecup,1
foamwithborder,1
oil500mg,1
teardrops,1
10mg,1
cransupplement,1
needed,1
butterandjelly,1
andfancy,1
dicedpepper,1
d50000,1
soupmeatballs,1
sarnalotion,1
italianblend,1
melonfresh,1
stands,1
speaker,1
repairecream,1
limedessert,1
oaksmokedrope,1
toastedoats,1
queendryer,1
wishcake,1
checkedwrap,1
limerust,1
blazes,1
cflbulbs,1
b12100mcg,1
inchpaperplate,1
upbag,1
atwater,1
granulatedgarlic,1
dgh,1
dghchip,1
pecansupplement,1
201a,1
paperstaples,1
29ah,1
freewhippedtopping,1
950black,1
writingpads,1
ruled,1
gunstaples,1
65ink,1
96ink,1
97ink,1
erasemarkersblack,1
eraseeraser,1
holecopypaper,1
rancher,1
vanillacoffee,1
whitebinders,1
ink952,1
feedadapter,1
breastskinless,1
baseham,1
pasteurize,1
picklechips,1
ribmeat,1
4ozcups,1
panfood,1
stretchablediabeticshoes,1
linekits,1
andgravy,1
g2pens,1
setwfilterforzynopumpea,1
nonskidsocks,1
freesmall,1
freevinylglovesmed,1
ozplasticmedcups,1
cheesecheese,1
chickenpatties,1
skinpotatosalad,1
itchlotion,1
idinsulinsafetysyringes,1
fluffbandagerolls,1
adhesivefoamdressing,1
ciel,1
iiisland,1
entericcoated,1
alcoholpreppad,1
burgundy2x,1
16ozlids,1
abdpad,1
clothtape,1
management,1
adultmoist,1
coffeecreamer,1
inchwhitebinders,1
carrotwithtop,1
wholepeel,1
antibacterialhandsoap,1
roastedcoffee,1
cleansertabs,1
linedressingtray,1
mad,1
spoonwhite,1
thickencoffee,1
piececut,1
bottleketchup,1
compartmenttrays,1
fruitcan,1
puppymix,1
punchbase,1
caked,1
codfrozen,1
cakechoc,1
allbeef,1
solidcan,1
blucheese,1
wholewheat,1
potted,1
meatclaw,1
stablecranberry,1
plans,1
peppercoarse,1
cakeorange,1
broccolisoup,1
pepperpollock,1
summersausage,1
macaronisalad,1
picklespear,1
deansausagelink,1
cloudhamburgerpatty,1
sourdoughbread,1
peanutbuttersilkpie,1
crumbledsausage,1
hollandaisesauce,1
cornchips,1
papercontainer,1
paperjumbo,1
rollercovers,1
vinylmedium,1
bayseason,1
shelldeep,1
lightfit,1
dividerletter,1
creamcherry,1
crispyflounder,1
mashpotatoe,1
8trashliners,1
quartsharpecontainer,1
clothplus,1
drainsponges,1
pitched,1
plasticmedwtwht,1
knightpillpouches,1
tilepaint,1
cubeschedswiss,1
moussemix,1
andseal,1
coffeeconcentrate,1
windings,1
minidanish,1
codloins,1
chaircasters,1
fiberbucket,1
fiberframe,1
fibermop,1
rmisafeboot,1
residentdailyparticipationrecord,1
request,1
safetyneedles,1
cheddarwhite,1
slicedwhitecheese,1
booted,1
cheesepimento,1
greenolive,1
pointpen,1
legrests,1
depothangingfolders,1
ribbedcups,1
vanillawafer,1
can75,1
cans75,1
threshold,1
sided,1
cutsheet,1
blendwinter,1
nippers,1
stingskinprepswab,1
babyshampoo,1
prepswab,1
plateholder,1
lifewater,1
separators,1
ofwater,1
slipsocks,1
itpopup,1
sugarcanister,1
krispiestreats,1
handledbrush,1
andnephew,1
splitter,1
notedrefill,1
heelwedge,1
plasticflex,1
wheels,1
cradle,1
wayvegetableblend,1
potatonuggets,1
electricbed122639,1
wheatloaf,1
ofbenzoin,1
deosoftbreeze,1
dispel,1
scoopholder,1
logopolo,1
cutfilefolders,1
onturkeybreast,1
handcontrol,1
gripwristhandsplint,1
saladsouthern,1
18in,1
bowllids,1
fortumbler,1
flakebulk,1
fastenerfolders,1
tabfilepockets,1
pullapart,1
laminatingpouches,1
wrap1000x1000,1
skinlesschickenthigh,1
browntri,1
foodmix,1
blendasian,1
sweetandsour,1
lids10oz,1
switches,1
bcomplexwithc,1
catchgame,1
500mcg,1
dutystapler,1
immobilized,1
srynges,1
inchblackbinder,1
liner60gallon,1
matsscalloped,1
eggnoodleswide,1
eggwide,1
foam10oz,1
buttercheesecrackers,1
codfish,1
creamsandwichs,1
ceilmedium,1
bbqchicken,1
fryingoil,1
freechickenbase,1
ironwork,1
champhand,1
polishingpads,1
wig,1
pilotpens,1
erasecleaner,1
drainpopup,1
whiteviewbinder,1
caretray,1
chloride15ml,1
canis,1
trachtied,1
binder1inch,1
stingskin,1
superabsorbent,1
softness,1
volumenebulizer,1
protectantointment,1
mobility,1
adayvit,1
tonertn420,1
pocketsletter,1
dryerasemarkers,1
windowenvelopes,1
sharpieblack,1
intermittentcatheter,1
flushbag,1
flushbags,1
dressingchangekits,1
pants4005khakixl,1
pants4044,1
top4728ceilbluelarge,1
4728topkhakimedium,1
4728topceilbluelarge,1
4005pantskhakixlarge,1
4727topkhakixlarge,1
4728khakitop,1
4728topkhakixlarge,1
4005pantscielbluelarge,1
4005pantsmedium,1
poloburgundymedium,1
poloburgundy3xlarge,1
closurestrips,1
toner128,1
reopen,1
ladiestopsxl,1
ladiespants2xl,1
ladiestopkhakixl,1
corestretchelasticwaistpantsxlkhaki,1
andcar,1
kneekit,1
cielblue,1
khan,1
cuffs,1
syrupcups,1
kalesoup,1
cornfrozen,1
plastic12,1
tomatofire,1
cornsweet,1
ctpot,1
honeyham,1
boybread,1
rainbowtrout,1
friedtomato,1
sheetredvelvet,1
cup20oz,1
batteredtilapia,1
fishsalad,1
cheesebread,1
burgerbun,1
rootvegetables,1
sheeted66x104,1
pepperchicken,1
bagbox,1
foodcoloring,1
chocolatebrownie,1
pvcroll,1
aidbatteries312,1
soaprefill,1
tabletop,1
tools,1
bandageroll,1
mashedpot,1
herbseason,1
fruitpuree,1
chipcookiemix,1
breadpuree,1
amcheese,1
dietlemonlime,1
topwheatbread,1
whiptopping,1
garlicparmsauce,1
blackolive,1
oztumblers,1
styrocup,1
freeglove,1
cream125,1
stylegravymix,1
tenderfritters,1
rebreather,1
thickdrinks,1
andzucchini,1
ultrasan,1
solocup,1
vial,1
trayticketlaserimax,1
alba,1
chopslollipop,1
batterblueberry,1
batterchocolate,1
noodlepasta,1
dinnernapkin,1
ozwater,1
lemonadeconc,1
teaconc,1
orangemuffinbatter,1
cakemini,1
chocolatepie,1
moldandmildewremover,1
marmelad,1
piefillin,1
grinder,1
lampbulb,1
creampraline,1
diceddark,1
caramelcheesecake,1
whitehandle,1
whitewithhandle,1
potatpie,1
design,1
pepperroasted,1
petal,1
saltcaramel,1
sausagechild,1
purposebreading,1
blood-pressure,1
fluorescentt8lampcoolwhite4ft2470lumens,1
upnote,1
thickenapple,1
andlowsugar,1
limemousse,1
crackerpieshells,1
orangemuffin,1
andcreamicecream,1
ofsole,1
chocolatechipcookie,1
fat-free,1
choppedclam,1
flatbreads,1
crunchbars,1
filet4oz,1
creamcoffeecake,1
kidneybean,1
colorpepper,1
purposecleaner,1
pastrydough,1
rate,1
labels5160,1
chipcookiedavids,1
4oziqf,1
applesausage,1
paperplate,1
ozcodiqf,1
3holepunch,1
blendcoffee,1
lidoca,1
punchnectar,1
bbqbeef,1
cutters,1
skinmashedpotatoes,1
andcheeseroll,1
pastrysheets,1
juicebox,1
sausageturkey,1
buttertart,1
applebar,1
applecider,1
dicedcarrot,1
milkhp,1
pastrysquare,1
skimp,1
potatobakers,1
voltbattery,1
andphysical,1
wayradio,1
fru,1
smokingsigns,1
roundstic,1
fillvalve,1
coilcleaner,1
